,index,empty_slots,free_bikes,name,latitude,longitude,ll
0,0,3,16,Queen St E / Woodward Ave,43.665269,-79.319796,"43.665269,-79.319796"
1,1,13,2,Primrose Ave / Davenport Rd,43.67142,-79.445947,"43.67142,-79.445947"
2,2,9,14,Queen St. E / Rhodes Ave.,43.666224,-79.317693,"43.666224,-79.317693"
3,3,9,15,Bond St / Queen St E,43.653236,-79.376716,"43.653236,-79.376716"
4,4,9,18,Church St / Alexander St,43.663722,-79.380288,"43.663722,-79.380288"
5,5,17,6,University Ave / Gerrard St W (East Side),43.657763,-79.389165,"43.657763,-79.389165"
6,6,12,10,Edward St / Yonge St,43.656729,-79.382736,"43.656729,-79.382736"
7,7,16,2,Euclid Ave / Bloor St W,43.664467,-79.414783,"43.664467,-79.414783"
8,8,0,15,Yonge St / Aylmer Ave,43.675492,-79.388858,"43.675492,-79.388858"
9,9,4,6,Davenport Rd / Avenue Rd,43.674991,-79.396273,"43.674991,-79.396273"
10,10,12,4,Yonge St / Yorkville Ave,43.671944,-79.387778,"43.671944,-79.387778"
11,11,8,10,Dundas St E / Broadview Ave,43.662365,-79.351104,"43.662365,-79.351104"
12,12,20,27,Front St W / Yonge St (Hockey Hall of Fame),43.646144,-79.377962,"43.646144,-79.377962"
13,13,3,6,Gerrard St E / River St,43.663993,-79.358534,"43.663993,-79.358534"
14,14,17,9,Jarvis St / Dundas St E,43.657266,-79.374756,"43.657266,-79.374756"
15,15,10,4,Logan Av / Gerrard St E,43.6672144,-79.3452697,"43.6672144,-79.3452697"
16,16,13,2,Regal Rd / Dufferin St,43.673939,-79.441159,"43.673939,-79.441159"
17,17,0,9,Morse St / Eastern Ave,43.657991,-79.340075,"43.657991,-79.340075"
18,18,10,10,Alton Ave / Dundas St E (Greenwood Park),43.66745,-79.329408,"43.66745,-79.329408"
19,19,14,0,Blake St / Boultbee Ave,43.672453,-79.338259,"43.672453,-79.338259"
20,20,6,8,Eastern Ave / Winnifred Ave,43.6592088,-79.3348396,"43.6592088,-79.3348396"
21,21,14,7,Gamble Ave / Broadview Ave,43.689211,-79.35438,"43.689211,-79.35438"
22,22,10,6,111 Bond St (North of Dundas St E)  - SMART,43.656927,-79.378497,"43.656927,-79.378497"
23,23,9,7,Dundas St E / Pembroke St - SMART,43.658295,-79.372346,"43.658295,-79.372346"
24,24,14,5,Victoria Park Subway Station - SMART,43.6940155,-79.2889842,"43.6940155,-79.2889842"
25,25,11,5,Wychwood Ave / Benson Ave - SMART,43.6809164,-79.4229684,"43.6809164,-79.4229684"
26,26,14,1,Lawton Blvd / Yonge St,43.6910667,-79.39535,"43.6910667,-79.39535"
27,27,15,0,Yonge St / Davisville Ave,43.6975969,-79.39654,"43.6975969,-79.39654"
28,28,19,11,Fort York  Blvd / Capreol Ct,43.639832,-79.395954,"43.639832,-79.395954"
29,29,8,10,St. George St / Bloor St W,43.667333,-79.399429,"43.667333,-79.399429"
30,30,4,18,King St W / York St,43.6480008,-79.383177,"43.6480008,-79.383177"
31,31,3,6,University Ave / Elm St,43.656518,-79.389099,"43.656518,-79.389099"
32,32,14,1,Rosehill Ave / Avoca Ave - SMART,43.687999,-79.38906,"43.687999,-79.38906"
33,33,8,6,Bloor St W / Dundas St W,43.6563889,-79.45166666666667,"43.6563889,-79.45166666666667"
34,34,6,12,Bathurst St / Fort York Blvd,43.639179,-79.399595,"43.639179,-79.399595"
35,35,6,8,Spadina Ave / Willcocks St,43.6616667,-79.40138888888889,"43.6616667,-79.40138888888889"
36,36,7,12,Cariboo Ave / Railpath Trail,43.66666667,-79.45833333333334,"43.66666667,-79.45833333333334"
37,37,8,6,Dundas St W / Edna Ave,43.657192,-79.452559,"43.657192,-79.452559"
38,38,5,9,College St / Major St,43.6576,-79.4032,"43.6576,-79.4032"
39,39,10,7,McGill St / Church St,43.660694,-79.379052,"43.660694,-79.379052"
40,40,1,21,Queens Quay W / Dan Leckie Way,43.636533,-79.395854,"43.636533,-79.395854"
41,41,7,10,College Park South,43.659777,-79.382767,"43.659777,-79.382767"
42,42,1,10,25 York St – Union Station South,43.643667,-79.380414,"43.643667,-79.380414"
43,43,13,9,161 Bleecker St (South of Wellesley),43.666233,-79.373327,"43.666233,-79.373327"
44,44,17,2,Spadina Ave / Fort York Blvd,43.640114,-79.393249,"43.640114,-79.393249"
45,45,1,8,Augusta Ave / Denison Sq,43.653766,-79.4016759,"43.653766,-79.4016759"
46,46,18,4,Lansdowne Subway Station,43.6587734,-79.443054,"43.6587734,-79.443054"
47,47,14,0,Lansdowne Ave / Whytock Ave,43.6538888888889,-79.4413888888889,"43.6538888888889,-79.4413888888889"
48,48,17,2,Sterling Rd / Dundas St W,43.6508333333333,-79.4430555555556,"43.6508333333333,-79.4430555555556"
49,49,13,2,St Clarens Ave / College St,43.651238,-79.43868,"43.651238,-79.43868"
50,50,9,2,Ossington Ave / College St,43.6544915,-79.422634,"43.6544915,-79.422634"
51,51,11,0,High Park Subway Station,43.6543604,-79.4655296,"43.6543604,-79.4655296"
52,52,14,2,Lake Shore Blvd W / Ellis Ave,43.635932,-79.465083,"43.635932,-79.465083"
53,53,4,8,Parkside Dr / Bloor St W - SMART,43.654501,-79.460053,"43.654501,-79.460053"
54,54,6,13,Lake Shore Blvd W / Windermere Ave,43.634896,-79.467763,"43.634896,-79.467763"
55,55,20,10,Martin Goodman Trail (Marilyn Bell Park),43.6314,-79.4304,"43.6314,-79.4304"
56,56,5,14,Lake Shore Blvd W / The Boulevard Club,43.636731,-79.444966,"43.636731,-79.444966"
57,57,9,3,Dundas St W / Roncesvalles Ave Green P -SMART,43.6534268,-79.4512787,"43.6534268,-79.4512787"
58,58,14,2,Erskine Ave / Yonge St SMART,43.7112153,-79.39894,"43.7112153,-79.39894"
59,59,6,9,D'Arcy St / McCaul St - SMART,43.655227,-79.39201,"43.655227,-79.39201"
60,60,9,3,Mortimer Ave / Carlaw Ave SMART,43.685167,-79.34962,"43.685167,-79.34962"
61,61,4,3,Cumberland Ave / Bay St SMART,43.6704537,-79.39014,"43.6704537,-79.39014"
62,62,18,2,20 Charles St E,43.6691099,-79.38551,"43.6691099,-79.38551"
63,63,3,12,Niagara St / Tecumseth St,43.641389,-79.404444,"43.641389,-79.404444"
64,64,7,7,424 Wellington St W,43.643834,-79.396649,"43.643834,-79.396649"
65,65,3,13,Dundas St W / St. Patrick St,43.6545174,-79.3895315,"43.6545174,-79.3895315"
66,66,12,5,Robert St / Bloor St W - SMART,43.665846,-79.404998,"43.665846,-79.404998"
67,67,7,0,John St  / Mercer St - SMART,43.6461,-79.3895,"43.6461,-79.3895"
68,68,1,10,Queen St E / Hammersmith Ave,43.671349,-79.29451,"43.671349,-79.29451"
69,69,12,3,Queen St. E / Eastern Ave,43.667208,-79.312315,"43.667208,-79.312315"
70,70,11,8,Hubbard Blvd / Balsam Av,43.669328,-79.288949,"43.669328,-79.288949"
71,71,6,9,Queen St. E / Spruce Hill Rd.,43.672571,-79.289,"43.672571,-79.289"
72,72,0,18,Lower Spadina Ave / Lake Shore Blvd W,43.638497,-79.39192,"43.638497,-79.39192"
73,73,3,12,Lower Coxwell Ave /  Lake Shore Blvd E,43.662771,-79.315223,"43.662771,-79.315223"
74,74,6,4,Amelia St. / Sumach St.,43.66852,-79.363525,"43.66852,-79.363525"
75,75,1,11,Augusta Ave / Dundas St W,43.652473,-79.401456,"43.652473,-79.401456"
76,76,0,23,Queen St W / Ossington Ave,43.643975,-79.419576,"43.643975,-79.419576"
77,77,2,16,Trinity St /Front St E,43.651318,-79.36023,"43.651318,-79.36023"
78,78,4,25,Dundas St W / Yonge St,43.656094,-79.381484,"43.656094,-79.381484"
79,79,8,1,Kendal Ave / Spadina Rd,43.670318,-79.405181,"43.670318,-79.405181"
80,80,18,9,Davenport Rd / Bathurst St,43.676667,-79.416111,"43.676667,-79.416111"
81,81,9,14,Queen St W / Close Ave,43.640634,-79.435841,"43.640634,-79.435841"
82,82,1,12,King St W / Joe Shuster Way,43.639444,-79.423611,"43.639444,-79.423611"
83,83,10,1,Yarmouth Rd / Christie St,43.67,-79.42083333333333,"43.67,-79.42083333333333"
84,84,15,0,Palmerston Ave / Vermont Ave,43.671389,-79.416389,"43.671389,-79.416389"
85,85,8,11,Christie St / Benson Ave (Wychwood Barns),43.68,-79.42500000000001,"43.68,-79.42500000000001"
86,86,1,12,King St W / Fraser Ave,43.6394444,-79.42527777777778,"43.6394444,-79.42527777777778"
87,87,10,5,Macpherson Ave / Spadina Rd,43.675791,-79.40698,"43.675791,-79.40698"
88,88,3,11,Bridgman Ave / Kendal Ave,43.675556,-79.410278,"43.675556,-79.410278"
89,89,13,2,Bridgman Ave / Bathurst St,43.674444,-79.414722,"43.674444,-79.414722"
90,90,8,3,Kendal Ave / Bernard Ave,43.671513,-79.408317,"43.671513,-79.408317"
91,91,18,0,Pretoria Ave / Broadview Ave,43.6783213,-79.35822,"43.6783213,-79.35822"
92,92,15,8,Broadview Ave / Westwood Ave,43.6848652,-79.356602,"43.6848652,-79.356602"
93,93,14,5,Fulton Ave / Pape Ave,43.68395,-79.347046,"43.68395,-79.347046"
94,94,13,5,Cosburn Ave / Donlands Ave,43.690537,-79.341307,"43.690537,-79.341307"
95,95,13,1,Beltline Trail / Chaplin Cres.,43.704461,-79.423122,"43.704461,-79.423122"
96,96,5,14,Lake Shore Blvd E / Leslie St,43.659195,-79.329196,"43.659195,-79.329196"
97,97,4,12,King St E / Berkeley St,43.651885,-79.3649,"43.651885,-79.3649"
98,98,22,0,Rosedale Park (20 Scholfield Ave),43.682645,-79.377557,"43.682645,-79.377557"
99,99,6,9,Mary McCormick Rec Centre (Sheridan Ave),43.6475,-79.43305555555555,"43.6475,-79.43305555555555"
100,100,2,3,Soho St / Queen St W,43.6494896,-79.393535,"43.6494896,-79.393535"
101,101,9,10,Davenport Rd / Lansdowne Ave,43.671526,-79.44874,"43.671526,-79.44874"
102,102,9,9,Front St W / University Ave (2),43.6452972,-79.3827914,"43.6452972,-79.3827914"
103,103,12,6,457 King St W,43.6452091,-79.3960744,"43.6452091,-79.3960744"
104,104,6,13,Dufferin St / Sylvan Av (Dufferin Grove Park),43.6555556,-79.43361111111112,"43.6555556,-79.43361111111112"
105,105,9,8,Roxborough St W / Yonge St,43.678077,-79.390328,"43.678077,-79.390328"
106,106,10,8,Crawford St / Queen St W,43.645665,-79.415345,"43.645665,-79.415345"
107,107,4,4,Lisgar St / Dundas St W - SMART,43.6493472,-79.42668,"43.6493472,-79.42668"
108,108,27,0,Dundas St E / Regent Park Blvd,43.660207,-79.361275,"43.660207,-79.361275"
109,109,9,17,Lower Sherbourne St / The Esplanade,43.648655,-79.367061,"43.648655,-79.367061"
110,110,6,20,Nelson St / Duncan St,43.648711,-79.389728,"43.648711,-79.389728"
111,111,1,12,Jimmie Simpson Park (Queen St E),43.6605603,-79.3437663,"43.6605603,-79.3437663"
112,112,6,9,Queen St E / Sackville St,43.6561111,-79.36138888888888,"43.6561111,-79.36138888888888"
113,113,15,12,Mill St / Tannery Rd,43.652219,-79.354455,"43.652219,-79.354455"
114,114,13,2,Cherry St / Distillery Ln,43.650279,-79.356832,"43.650279,-79.356832"
115,115,1,9,Queen St W / Spadina Ave,43.649147,-79.395504,"43.649147,-79.395504"
116,116,14,24,Yonge St / Harbour St,43.643795,-79.375413,"43.643795,-79.375413"
117,117,2,15,Willcocks St / St. George St,43.662085,-79.397735,"43.662085,-79.397735"
118,118,4,10,Dundas St E / Parliament St,43.659575,-79.365769,"43.659575,-79.365769"
119,119,0,19,51 Parliament St,43.65205,-79.362198,"43.65205,-79.362198"
120,120,12,11,Queen's Park / Bloor St W,43.668456,-79.393899,"43.668456,-79.393899"
121,121,0,18,Fort York Blvd / Bathurst St - SMART,43.639052,-79.399792,"43.639052,-79.399792"
122,122,7,8,Alma Ave / Gladstone Ave SMART,43.6448617,-79.42822,"43.6448617,-79.42822"
123,123,9,10,Queen St W / Cowan Ave,43.6409,-79.432837,"43.6409,-79.432837"
124,124,13,10,Queen St W / Gladstone Ave,43.6430555555556,-79.4275,"43.6430555555556,-79.4275"
125,125,15,0,Harbord St / Clinton St,43.660414,-79.415646,"43.660414,-79.415646"
126,126,9,1,Central Tech  (Harbord St),43.661975,-79.407896,"43.661975,-79.407896"
127,127,11,0,Roxton Rd / Harbord St,43.65905,-79.422988,"43.65905,-79.422988"
128,128,9,1,Ulster St / Bathurst St,43.66,-79.4088888888889,"43.66,-79.4088888888889"
129,129,15,8,Mortimer Ave / Coxwell Ave,43.690564,-79.326319,"43.690564,-79.326319"
130,130,10,5,Danforth Ave / Barrington Ave,43.688325,-79.300463,"43.688325,-79.300463"
131,131,19,4,Pacific Ave / Glenlake Ave,43.65716,-79.46478,"43.65716,-79.46478"
132,132,14,1,Broadview Subway Station,43.6772,-79.35858,"43.6772,-79.35858"
133,133,12,5,Church St  / Wood St,43.662712,-79.379903,"43.662712,-79.379903"
134,134,15,7,College Park - Gerrard Entrance,43.658938,-79.383518,"43.658938,-79.383518"
135,135,9,6,Danforth Ave / Coxwell Ave,43.683378,-79.322961,"43.683378,-79.322961"
136,136,5,10,12 Harbour St,43.6425636,-79.3762,"43.6425636,-79.3762"
137,137,4,8,Howard Park Ave / Dundas St W - SMART,43.6521,-79.4486,"43.6521,-79.4486"
138,138,10,3,Yonge St / Bloor St,43.669969,-79.386532,"43.669969,-79.386532"
139,139,7,9,Dufferin Gate - SMART,43.633473,-79.425679,"43.633473,-79.425679"
140,140,11,22,Lake Shore Blvd W / Ontario Dr,43.630254,-79.420317,"43.630254,-79.420317"
141,141,30,3,Bloor St W / Shaw Ave - SMART,43.662403,-79.423098,"43.662403,-79.423098"
142,142,16,1,Concord Ave / Dewson St,43.656945,-79.424911,"43.656945,-79.424911"
143,143,18,1,Hocken Ave / Vaughan Rd,43.6817346,-79.4184725,"43.6817346,-79.4184725"
144,144,5,14,St Clair Ave W / Bathurst St.,43.683296,-79.418734,"43.683296,-79.418734"
145,145,2,16,Queen St E / Nursewood Rd,43.673831,-79.281455,"43.673831,-79.281455"
146,146,2,20,Kewbeach Ave / Kenilworth Ave,43.666325,-79.3014,"43.666325,-79.3014"
147,147,3,8,Dovercourt Rd / Harrison St (Green P) - SMART,43.651145,-79.423742,"43.651145,-79.423742"
148,148,3,17,Baldwin St / Spadina Ave - SMART,43.654905,-79.398448,"43.654905,-79.398448"
149,149,6,15,Frederick St / King St E,43.651118,-79.369411,"43.651118,-79.369411"
150,150,1,9,College St / Borden St,43.6571,-79.4056,"43.6571,-79.4056"
151,151,4,25,Beverley  St / Dundas St W,43.652823,-79.393388,"43.652823,-79.393388"
152,152,8,7,Bay St / St. Joseph St,43.665527,-79.387499,"43.665527,-79.387499"
153,153,13,16,Gould St / Mutual St,43.6582,-79.3768,"43.6582,-79.3768"
154,154,0,15,Riverdale Park North (Broadview Ave),43.671172,-79.354704,"43.671172,-79.354704"
155,155,12,0,Danforth Ave / Ellerbeck St,43.677076,-79.35667,"43.677076,-79.35667"
156,156,8,6,Pape Subway Station (Green P),43.680223,-79.344062,"43.680223,-79.344062"
157,157,9,8,Danforth Ave / Gough Ave,43.678401,-79.346289,"43.678401,-79.346289"
158,158,15,4,Danforth Ave / Lamb Ave,43.681991,-79.329455,"43.681991,-79.329455"
159,159,3,10,King St W / Stafford St,43.6422222,-79.41111111111111,"43.6422222,-79.41111111111111"
160,160,16,2,Bathurst St / Lennox St,43.663808,-79.410491,"43.663808,-79.410491"
161,161,23,0,Bathurst Subway Station,43.6666667,-79.41166666666668,"43.6666667,-79.41166666666668"
162,162,11,6,Bloor St W / Christie St,43.6638889,-79.41888888888889,"43.6638889,-79.41888888888889"
163,163,10,0,Ossington Ave / Bloor St W,43.661705,-79.425734,"43.661705,-79.425734"
164,164,14,5,Essex St / Christie St - SMART,43.6686111,-79.42027777777778,"43.6686111,-79.42027777777778"
165,165,16,3,Westmoreland Ave / Fernbank Ave,43.665327,-79.43235,"43.665327,-79.43235"
166,166,18,1,Havelock St / Dufferin Park,43.657343,-79.43112,"43.657343,-79.43112"
167,167,16,7,Bathurst St / Adelaide St W,43.645324,-79.40345,"43.645324,-79.40345"
168,168,8,2,Mill St / Parliament St,43.650256,-79.36163,"43.650256,-79.36163"
169,169,13,5,Ossington Ave / Harrison St,43.65111111111111,-79.4213888888889,"43.65111111111111,-79.4213888888889"
170,170,6,7,80 Clinton St,43.656296,-79.414663,"43.656296,-79.414663"
171,171,13,0,Claremont St / Dundas St W,43.651281,-79.411717,"43.651281,-79.411717"
172,172,6,8,Rusholme Park Cres / College St,43.65277778,-79.42972222,"43.65277778,-79.42972222"
173,173,5,13,College St / Crawford St,43.655,-79.418889,"43.655,-79.418889"
174,174,12,7,Gerrard Square Mall (1010 Gerrard St E),43.668553,-79.338673,"43.668553,-79.338673"
175,175,2,17,Queen St E / Alton Av,43.663912,-79.327987,"43.663912,-79.327987"
176,176,6,9,Simcoe St / Wellington St W North,43.6462176,-79.3855048,"43.6462176,-79.3855048"
177,177,11,8,Coxwell Ave / Plains Rd,43.69595,-79.328535,"43.69595,-79.328535"
178,178,10,5,Carlaw Ave / Strathcona Ave,43.6753188,-79.3462789,"43.6753188,-79.3462789"
179,179,6,4,Logan Ave / Bain Ave,43.6720273,-79.3470557,"43.6720273,-79.3470557"
180,180,3,15,Liberty St / Fraser Ave Green P,43.637981,-79.424146,"43.637981,-79.424146"
181,181,9,1,King St W / Douro St,43.640885,-79.416379,"43.640885,-79.416379"
182,182,0,13,Queen St E / Berkeley St,43.6552778,-79.36583333333333,"43.6552778,-79.36583333333333"
183,183,15,0,Howard St / Sherbourne St,43.6712581,-79.376367,"43.6712581,-79.376367"
184,184,15,9,Carlton St / Parliament St,43.664524,-79.36793,"43.664524,-79.36793"
185,185,7,7,Sumach St / Carlton St (Riverdale Farm),43.665867,-79.362506,"43.665867,-79.362506"
186,186,1,17,King St W / Bay St (East Side),43.648575,-79.380042,"43.648575,-79.380042"
187,187,4,8,Front St W / Blue Jays Way,43.643473,-79.390477,"43.643473,-79.390477"
188,188,5,21,Metro Hall Plaza,43.645859,-79.38783,"43.645859,-79.38783"
189,189,18,5,Parliament St / Gerrard St E,43.662132,-79.3656796,"43.662132,-79.3656796"
190,190,5,6,Navy Wharf Crt / Bremner Blvd,43.640722,-79.391051,"43.640722,-79.391051"
191,191,8,6,Jarvis St / Carlton St,43.66207,-79.37617,"43.66207,-79.37617"
192,192,1,10,Lake Shore Blvd E / Knox Ave,43.660206,-79.3244,"43.660206,-79.3244"
193,193,5,10,Hubbard Blvd. / Glen Manor Dr.,43.668633,-79.291162,"43.668633,-79.291162"
194,194,2,10,Yonge St / Dundonald St - SMART,43.665801,-79.384796,"43.665801,-79.384796"
195,195,12,8,Bay St / Charles St W - SMART,43.668153,-79.38891,"43.668153,-79.38891"
196,196,5,9,Church St / Dundas St E - SMART,43.657024,-79.377257,"43.657024,-79.377257"
197,197,6,11,Yonge St / Alexander St - SMART,43.662862,-79.383572,"43.662862,-79.383572"
198,198,17,3,Eglinton Ave W / Henning Ave SMART,43.7063473,-79.40161,"43.7063473,-79.40161"
199,199,19,1,Balliol St / Yonge St  SMART,43.6978701,-79.39419,"43.6978701,-79.39419"
200,200,17,1,Frobisher Ave / Lascelles Blvd,43.696708,-79.40045,"43.696708,-79.40045"
201,201,0,11,Front St E / Scott St,43.6476616,-79.37549,"43.6476616,-79.37549"
202,202,0,19,Frederick St / The Esplanade,43.6487245,-79.36839,"43.6487245,-79.36839"
203,203,25,12,King St W / Bay St (West Side),43.64852,-79.380576,"43.64852,-79.380576"
204,204,11,4,Elizabeth St / Edward St (Bus Terminal),43.656026,-79.385327,"43.656026,-79.385327"
205,205,4,15,King St W / Spadina Ave,43.645323,-79.395003,"43.645323,-79.395003"
206,206,7,7,Glen Edyth Dr / Davenport Rd,43.677778,-79.405556,"43.677778,-79.405556"
207,207,0,29,Queens Quay / Yonge St,43.641646,-79.375308,"43.641646,-79.375308"
208,208,5,3,Front St W / Bay St (North Side),43.646162,-79.378912,"43.646162,-79.378912"
209,209,12,3,Danforth Ave / Westlake Ave,43.687323,-79.304848,"43.687323,-79.304848"
210,210,14,9,Jarvis St / Isabella St,43.668991,-79.379385,"43.668991,-79.379385"
211,211,9,4,Yonge St / Wood St,43.6622222,-79.3825,"43.6622222,-79.3825"
212,212,9,9,King St W / Tecumseth St,43.64333333333333,-79.40555555555557,"43.64333333333333,-79.40555555555557"
213,213,0,21,Beverley St / College St,43.6575,-79.39527777777778,"43.6575,-79.39527777777778"
214,214,4,14,Gould St / Yonge St (TMU),43.657424,-79.381019,"43.657424,-79.381019"
215,215,4,14,Front St W / Bay St (South Side),43.64595,-79.378761,"43.64595,-79.378761"
216,216,3,15,Charles St W / Balmuto St - SMART,43.668427,-79.38725,"43.668427,-79.38725"
217,217,11,9,Charles St E / Jarvis St - SMART,43.669604,-79.381171,"43.669604,-79.381171"
218,218,2,12,Queen St E / Pape Ave - SMART,43.661673,-79.337789,"43.661673,-79.337789"
219,219,5,12,Gerrard St E / Broadview - SMART,43.665656,-79.352055,"43.665656,-79.352055"
220,220,14,7,Humber Bay Shores Park East,43.6308933,-79.4722622,"43.6308933,-79.4722622"
221,221,6,24,Humber Bay Shores Park West,43.6224434,-79.480284,"43.6224434,-79.480284"
222,222,12,3,Taddle Creek Park,43.66986,-79.398443,"43.66986,-79.398443"
223,223,3,3,Thompson St / Broadview Ave - SMART,43.659471,-79.350325,"43.659471,-79.350325"
224,224,8,11,Roncesvalles Ave / Marmaduke St,43.650492,-79.450842,"43.650492,-79.450842"
225,225,0,14,Queen St W  /  Fuller Ave - SMART,43.640255,-79.439223,"43.640255,-79.439223"
226,226,10,6,King St W / Cowan Ave - SMART,43.637922,-79.431734,"43.637922,-79.431734"
227,227,4,15,Garden Ave / Roncesvalles Ave,43.643769,-79.447915,"43.643769,-79.447915"
228,228,16,0,Sorauren Ave / Geoffrey St - SMART,43.649172,-79.4445087,"43.649172,-79.4445087"
229,229,11,7,Bloor St W / Manning Ave - SMART,43.663912,-79.416124,"43.663912,-79.416124"
230,230,8,18,Simcoe St / Wellington St W South,43.6458569,-79.3853654,"43.6458569,-79.3853654"
231,231,15,0,Mallon Ave / Jones Ave -SMART,43.66587,-79.33443,"43.66587,-79.33443"
232,232,6,13,Berkeley St / Dundas St E - SMART,43.658816,-79.367318,"43.658816,-79.367318"
233,233,15,3,128 Sterling Rd - SMART,43.654004,-79.444792,"43.654004,-79.444792"
234,234,3,16,Sunnyside Ave / The Queensway - SMART,43.6397,-79.44865,"43.6397,-79.44865"
235,235,6,6,Sackville St / Eastern Ave - SMART,43.653809,-79.3595,"43.653809,-79.3595"
236,236,11,1,Davenport Rd / McAlpine St - SMART,43.673768,-79.391253,"43.673768,-79.391253"
237,237,4,13,Sumach St  / Queen St E,43.656638,-79.358749,"43.656638,-79.358749"
238,238,9,0,Blythwood Rd / Yonge St - SMART,43.716652,-79.399993,"43.716652,-79.399993"
239,239,1,20,Gerrard St E / Main St,43.684261,-79.299332,"43.684261,-79.299332"
240,240,9,3,Southwood Dr / Kingston Rd - SMART,43.678685,-79.297974,"43.678685,-79.297974"
241,241,12,3,Neil McLellan Park,43.65143,-79.47779,"43.65143,-79.47779"
242,242,5,10,Jane St / Bloor St W (Jane Subway Station),43.64976,-79.48477,"43.64976,-79.48477"
243,243,15,4,Antler St / Campbell Ave - SMART,43.664182,-79.449066,"43.664182,-79.449066"
244,244,12,11,Clarence Square,43.64407,-79.3929,"43.64407,-79.3929"
245,245,0,15,Lake Shore Blvd W / Louisa St,43.61868,-79.48674,"43.61868,-79.48674"
246,246,3,16,Front St W / Simcoe St,43.6442,-79.38702,"43.6442,-79.38702"
247,247,1,12,Lower Simcoe St / Bremner Blvd,43.64283,-79.38409,"43.64283,-79.38409"
248,248,15,4,Glendonwynne Rd / Bloor St W,43.65182,-79.47421,"43.65182,-79.47421"
249,249,18,1,Russell Hill Rd / St Clair Ave W,43.685569,-79.408019,"43.685569,-79.408019"
250,250,2,14,Church St / Lombard St,43.651678,-79.375233,"43.651678,-79.375233"
251,251,1,14,Richmond St E / Yonge St,43.651838,-79.378743,"43.651838,-79.378743"
252,252,14,7,High Park Amphitheatre,43.645653,-79.464366,"43.645653,-79.464366"
253,253,6,16,Queen's Park Cres W / Hoskin Ave,43.665221,-79.394009,"43.665221,-79.394009"
254,254,2,13,Pottery Rd / Lower Don River Trail,43.688148,-79.362101,"43.688148,-79.362101"
255,255,19,3,Bleecker St / St James Ave,43.669232,-79.374495,"43.669232,-79.374495"
256,256,25,5,Western Battery Rd / Pirandello St,43.640075,-79.414156,"43.640075,-79.414156"
257,257,5,10,Carlaw Ave / Danforth Ave,43.678285,-79.347346,"43.678285,-79.347346"
258,258,2,13,Cosburn Ave / Cedarvale Ave,43.697139,-79.31469,"43.697139,-79.31469"
259,259,8,11,Goodwood Park Crt / Dentonia Park,43.694826,-79.295208,"43.694826,-79.295208"
260,260,4,15,Eastwood Rd / Coxwell Ave,43.673118,-79.318651,"43.673118,-79.318651"
261,261,21,2,Trent Ave / Danforth Ave,43.689293,-79.295895,"43.689293,-79.295895"
262,262,8,10,Orchard Park,43.66908,-79.3149,"43.66908,-79.3149"
263,263,19,1,Clendenan Ave / Rowland St - SMART,43.66073,-79.47149,"43.66073,-79.47149"
264,264,9,16,Martin Goodman Trail / Remembrance Dr,43.63121,-79.41414,"43.63121,-79.41414"
265,265,12,2,Concord Ave / Bloor St W,43.66189,-79.42679,"43.66189,-79.42679"
266,266,16,2,Gothic Ave / Quebec Ave,43.65389,-79.4675,"43.65389,-79.4675"
267,267,16,1,Via Italia / Mackay Ave,43.676697,-79.445029,"43.676697,-79.445029"
268,268,11,0,Rushton Rd / St Clair Ave W,43.68114,-79.4277,"43.68114,-79.4277"
269,269,15,1,Dundas St E / Boulton Ave - SMART,43.663148,-79.347938,"43.663148,-79.347938"
270,270,9,13,Gerrard St E / Leslie St,43.669813,-79.3335,"43.669813,-79.3335"
271,271,14,12,Marilyn Bell Park Tennis Court,43.633537,-79.437461,"43.633537,-79.437461"
272,272,2,20,The Queensway at South Kingsway,43.63632,-79.47307,"43.63632,-79.47307"
273,273,22,1,Merton St / Mount Pleasant Rd,43.697819,-79.38786,"43.697819,-79.38786"
274,274,4,12,Tyndall Ave / King St W - SMART,43.638426,-79.429142,"43.638426,-79.429142"
275,275,9,13,College Park - Yonge St Entrance,43.65988,-79.38279,"43.65988,-79.38279"
276,276,13,5,Barton Ave / Howland Ave - SMART,43.66842,-79.410585,"43.66842,-79.410585"
277,277,13,2,Keele St / Annette St,43.66402,-79.46418,"43.66402,-79.46418"
278,278,13,10,Keele St / Vine Ave,43.66686,-79.46526,"43.66686,-79.46526"
279,279,11,8,Howard St / Rose Ave,43.671278,-79.372127,"43.671278,-79.372127"
280,280,6,17,Little Norway Park,43.635023,-79.399505,"43.635023,-79.399505"
281,281,8,11,Isabella St / Church St,43.66834,-79.38235,"43.66834,-79.38235"
282,282,13,9,University Ave / Armoury St,43.65263,-79.38766,"43.65263,-79.38766"
283,283,18,0,Lascelles Blvd / Eglinton Ave W,43.70547,-79.40355,"43.70547,-79.40355"
284,284,22,1,Polson Pier,43.641675,-79.354006,"43.641675,-79.354006"
285,285,20,0,Dentonia Park,43.694341,-79.291416,"43.694341,-79.291416"
286,286,1,15,Lower Jarvis / Queens Quay E,43.64422,-79.36927,"43.64422,-79.36927"
287,287,8,3,Summerhill Ave / Maclennan Ave,43.685924,-79.376304,"43.685924,-79.376304"
288,288,17,8,Queens Quay E / Lower Sherbourne St,43.645215,-79.364898,"43.645215,-79.364898"
289,289,16,2,Wright Ave / Sorauren Ave - SMART,43.646677,-79.442741,"43.646677,-79.442741"
290,290,2,17,Ellis Ave / The Queensway,43.63855,-79.46693,"43.63855,-79.46693"
291,291,9,2,High Park - Grenadier Cafe,43.645599,-79.4657123,"43.645599,-79.4657123"
292,292,5,5,Winona Dr / Davenport Rd,43.674923,-79.430465,"43.674923,-79.430465"
293,293,4,7,Danforth Ave / Aldridge Ave,43.684758,-79.316767,"43.684758,-79.316767"
294,294,8,27,Dundonald St / Church St,43.66663,-79.38148,"43.66663,-79.38148"
295,295,14,5,Gerrard St E / Malvern Ave - SMART,43.685221,-79.294766,"43.685221,-79.294766"
296,296,29,2,Bathurst St/Queens Quay(Billy Bishop Airport),43.635492,-79.398253,"43.635492,-79.398253"
297,297,3,15,Queens Quay W / Lower Simcoe St,43.63951,-79.383717,"43.63951,-79.383717"
298,298,7,14,Bremner Blvd / Rees St,43.641529,-79.386741,"43.641529,-79.386741"
299,299,16,7,King St W / Crawford St,43.6417852,-79.4131148,"43.6417852,-79.4131148"
300,300,4,20,Yonge St / Dundas Sq,43.655766,-79.3802,"43.655766,-79.3802"
301,301,10,1,St Clair Ave W / Winona Dr,43.680466,-79.432522,"43.680466,-79.432522"
302,302,28,22,Bay St / Wellesley St W,43.664088,-79.387095,"43.664088,-79.387095"
303,303,2,17,Humberside Grounds - SMART,43.65917,-79.46997,"43.65917,-79.46997"
304,304,14,0,Bloor St E / Huntley St - SMART,43.671535,-79.379173,"43.671535,-79.379173"
305,305,16,6,Wellington St W / York St,43.646734,-79.38301,"43.646734,-79.38301"
306,306,13,1,Dalton Rd / Bloor St W,43.6662942,-79.4066433,"43.6662942,-79.4066433"
307,307,23,4,Davenport Rd / Christie St,43.675278,-79.423889,"43.675278,-79.423889"
308,308,2,8,King St W / Jordan St,43.648928,-79.378623,"43.648928,-79.378623"
309,309,1,13,George St / King St E,43.6509552,-79.3707,"43.6509552,-79.3707"
310,310,26,1,E.T. Seton Park (Eglinton Ave E / Leslie St),43.715951,-79.351246,"43.715951,-79.351246"
311,311,19,8,Woodbine Ave / Lake Shore Blvd E,43.665645,-79.304711,"43.665645,-79.304711"
312,312,10,11,King St W / Charlotte St,43.645572,-79.39399,"43.645572,-79.39399"
313,313,9,8,Jarvis St / Richmond St E,43.652777,-79.372637,"43.652777,-79.372637"
314,314,10,4,Symington Ave / Dupont St,43.665538,-79.451263,"43.665538,-79.451263"
315,315,1,22,King St E / Jarvis St,43.650325,-79.372287,"43.650325,-79.372287"
316,316,7,5,Bay St / Bloor St W (East Side),43.66943,-79.38915,"43.66943,-79.38915"
317,317,2,17,Bay St / Bloor St W (West Side),43.669244,-79.3894,"43.669244,-79.3894"
318,318,14,0,Wells Hill Ave / St Clair Ave W,43.683351,-79.41562,"43.683351,-79.41562"
319,319,13,12,Dundas St E / George St,43.6574766,-79.373446,"43.6574766,-79.373446"
320,320,16,5,Fleet St / Bathurst St,43.636611,-79.400042,"43.636611,-79.400042"
321,321,5,3,Tecumseth St / Queen St W - SMART,43.646552,-79.406468,"43.646552,-79.406468"
322,322,18,6,Wellington St W / Bay St,43.647259,-79.379878,"43.647259,-79.379878"
323,323,10,6,Briar Hill Ave / Yonge St - SMART,43.713524,-79.400162,"43.713524,-79.400162"
324,324,1,13,King St E / Church St,43.65003919999999,-79.3733541,"43.65003919999999,-79.3733541"
325,325,15,19,Bay St / Albert St,43.653264,-79.382458,"43.653264,-79.382458"
326,326,9,8,Wellesley St W / Queen's Park Cres,43.663376,-79.392125,"43.663376,-79.392125"
327,327,2,16,Bay St / College St (East Side),43.660439,-79.385525,"43.660439,-79.385525"
328,328,5,5,University Ave / College St (West),43.659226,-79.390213,"43.659226,-79.390213"
329,329,12,2,University Ave / College St (East),43.65995,-79.38964,"43.65995,-79.38964"
330,330,5,7,Queen's Park Cres E / Grosvenor St - SMART,43.661803,-79.389682,"43.661803,-79.389682"
331,331,7,5,Bay St / College St (West Side) - SMART,43.660087,-79.385655,"43.660087,-79.385655"
332,332,5,12,Superior Ave / Lake Shore Blvd W,43.6146692,-79.4873148,"43.6146692,-79.4873148"
333,333,10,17,Humber Bay Shores Park / Marine Parade Dr,43.626265,-79.476723,"43.626265,-79.476723"
334,334,13,12,Lake Shore Blvd W / Colborne Lodge Dr,43.63771,-79.458173,"43.63771,-79.458173"
335,335,0,22,Ripley Ave / Ormskirk Ave,43.6390437,-79.4760109,"43.6390437,-79.4760109"
336,336,9,4,St Clarens Ave / Shirley St,43.6486599,-79.4376413,"43.6486599,-79.4376413"
337,337,13,9,Lisgar Park,43.6423847,-79.4240277,"43.6423847,-79.4240277"
338,338,11,11,Bartlett Parkette,43.6702236,-79.4360232,"43.6702236,-79.4360232"
339,339,22,0,Sherbourne St N / Elm Ave,43.6752732,-79.3778458,"43.6752732,-79.3778458"
340,340,11,3,Walnut Ave / Queen St W,43.645469,-79.411084,"43.645469,-79.411084"
341,341,18,1,Vaughan Rd /Wychwood Ave,43.6882821,-79.4253856,"43.6882821,-79.4253856"
342,342,21,1,Palmerston Ave / Dundas St W,43.651603,-79.408346,"43.651603,-79.408346"
343,343,20,0,541 Huron St - SMART,43.670206,-79.402643,"43.670206,-79.402643"
344,344,16,0,Euclid Ave / Herrick St - SMART,43.661559,-79.413845,"43.661559,-79.413845"
345,345,6,8,Baldwin St / Henry St,43.6560758,-79.393259,"43.6560758,-79.393259"
346,346,8,7,Orde St / McCaul St,43.6580442,-79.3927404,"43.6580442,-79.3927404"
347,347,11,7,Ross St / Cecil St - SMART,43.6568254,-79.3966159,"43.6568254,-79.3966159"
348,348,3,15,Lake Shore Blvd W / Thirty Ninth Street,43.5927419,-79.54033009999999,"43.5927419,-79.54033009999999"
349,349,2,15,Lake Shore Blvd W / Twenty Fourth St,43.597082,-79.522768,"43.597082,-79.522768"
350,350,0,31,Windsor St / Newcastle St,43.6171635,-79.4971065,"43.6171635,-79.4971065"
351,351,0,19,Royal York Rd / Mimico Ave,43.612063,-79.496573,"43.612063,-79.496573"
352,352,10,9,Berry Rd / Bell Manor Dr,43.63732,-79.489083,"43.63732,-79.489083"
353,353,6,21,Humber College,43.5961692,-79.5160575,"43.5961692,-79.5160575"
354,354,3,21,Amos Waites Park,43.613606,-79.4883535,"43.613606,-79.4883535"
355,355,20,2,Priscilla  Ave / Dundas St W,43.664665,-79.489385,"43.664665,-79.489385"
356,356,22,1,Durie St / Dundas St W,43.665523,-79.484892,"43.665523,-79.484892"
357,357,7,12,St Clair Ave W / Castleton Ave,43.668496,-79.485426,"43.668496,-79.485426"
358,358,22,5,Weston Lions Park,43.698841,-79.519472,"43.698841,-79.519472"
359,359,5,10,Annette St / Jane St,43.658574,-79.487246,"43.658574,-79.487246"
360,360,4,23,Jameson Ave / Queen St W,43.63985,-79.43703,"43.63985,-79.43703"
361,361,4,0,Carlaw Ave / Dundas St E,43.665076,-79.341509,"43.665076,-79.341509"
362,362,10,36,Toronto Inukshuk Park,43.6323994,-79.40978179999999,"43.6323994,-79.40978179999999"
363,363,9,6,Cosburn Ave / Durant Ave,43.6935477,-79.3301658,"43.6935477,-79.3301658"
364,364,7,7,Swansea Community Centre,43.6438036,-79.4770327,"43.6438036,-79.4770327"
365,365,12,7,Bellwoods Ave / Treford Pl - SMART,43.65246,-79.413528,"43.65246,-79.413528"
366,366,10,4,Bayview Ave / Lawren Harris Square,43.6548521,-79.35397680000001,"43.6548521,-79.35397680000001"
367,367,8,15,The Queensway / High St,43.630874,-79.482407,"43.630874,-79.482407"
368,368,8,5,Symington Ave / Davenport Rd,43.6704403,-79.45328549999999,"43.6704403,-79.45328549999999"
369,369,13,7,Front St E / Bayview Avenue,43.6535,-79.354068,"43.6535,-79.354068"
370,370,14,13,Oak St / Sumach St,43.6617908,-79.361515,"43.6617908,-79.361515"
371,371,12,6,The Esplanade / Hahn Pl,43.649709,-79.364184,"43.649709,-79.364184"
372,372,21,23,439 Sherbourne St,43.666051,-79.374161,"43.666051,-79.374161"
373,373,16,2,Glebe Rd W / Yonge St,43.7005976,-79.397345,"43.7005976,-79.397345"
374,374,13,0,Hillsdale Ave W / Yonge St,43.7029672,-79.3979073,"43.7029672,-79.3979073"
375,375,10,9,Alvin Ave / St Clair Ave E,43.68871,-79.39264,"43.68871,-79.39264"
376,376,17,5,Eglinton Ave W / Scarlett Rd,43.6834703,-79.5108942,"43.6834703,-79.5108942"
377,377,22,5,The Pond Rd / Sentinel Rd,43.7696262,-79.5025943,"43.7696262,-79.5025943"
378,378,18,8,Sentinel Rd / Finch Corridor Trail,43.7641485,-79.5012809,"43.7641485,-79.5012809"
379,379,20,0,Finch West Subway Station,43.76521,-79.491281,"43.76521,-79.491281"
380,380,8,10,Dufferin St / Finch Corridor Trail,43.7724019,-79.4675395,"43.7724019,-79.4675395"
381,381,14,5,G Ross Lord Park,43.7781116,-79.467963,"43.7781116,-79.467963"
382,382,21,2,Elwood Blvd / Avenue Rd,43.707049,-79.40966,"43.707049,-79.40966"
383,383,26,1,Roehampton Ave / Bayview Ave,43.711751,-79.378615,"43.711751,-79.378615"
384,384,12,3,Teddington Park Ave,43.732975,-79.40401,"43.732975,-79.40401"
385,385,1,18,Ursula Franklin St / Huron St - SMART,43.660274,-79.398049,"43.660274,-79.398049"
386,386,11,8,Woodbine Ave / O'Connor Dr,43.699281,-79.318802,"43.699281,-79.318802"
387,387,3,16,Dawes Rd / Taylor Creek Trl,43.696631,-79.297436,"43.696631,-79.297436"
388,388,6,16,Queen St W / John St,43.650077,-79.391291,"43.650077,-79.391291"
389,389,11,8,Fairmount Park,43.6765897,-79.3163022,"43.6765897,-79.3163022"
390,390,3,11,Richmond St W / York St,43.650745,-79.383633,"43.650745,-79.383633"
391,391,16,11,Sunnybrook Park,43.720233,-79.362092,"43.720233,-79.362092"
392,392,15,4,Vaughan Rd / Oakwood Ave,43.6926825,-79.441042,"43.6926825,-79.441042"
393,393,11,3,Braemar Ave / Eglinton Ave W,43.7041957,-79.4094472,"43.7041957,-79.4094472"
394,394,12,2,Eglinton Ave E / Redpath Ave,43.7078691,-79.39248,"43.7078691,-79.39248"
395,395,8,14,Marie Curtis Park,43.5880774,-79.5432067,"43.5880774,-79.5432067"
396,396,10,1,Guildwood GO Station (South),43.754978,-79.1971289,"43.754978,-79.1971289"
397,397,11,8,Chorley Park - SMART,43.6856,-79.3718,"43.6856,-79.3718"
398,398,32,16,Cherry Beach,43.637764,-79.345359,"43.637764,-79.345359"
399,399,15,19,Spadina Ave / Harbord St - SMART,43.6629228,-79.4018451,"43.6629228,-79.4018451"
400,400,5,11,Ursula Franklin St / St. George St - SMART,43.660296,-79.397107,"43.660296,-79.397107"
401,401,19,6,Rouge Hill GO Station,43.7805505,-79.1301203,"43.7805505,-79.1301203"
402,402,9,10,Colonel Danforth Park,43.7777114,-79.1659711,"43.7777114,-79.1659711"
403,403,18,4,Morningside Park (Highland Creek Trail),43.779353,-79.193023,"43.779353,-79.193023"
404,404,14,5,Livingston Rd / Guildwood Pkwy,43.747854,-79.199327,"43.747854,-79.199327"
405,405,7,11,Livingston Rd (Highland Creek Trail),43.7561681,-79.2026694,"43.7561681,-79.2026694"
406,406,5,17,Twelfth St / Thirteenth St,43.6002896,-79.5108692,"43.6002896,-79.5108692"
407,407,3,12,Florence Gell Park,43.6615467,-79.498398,"43.6615467,-79.498398"
408,408,17,0,Wallace Ave / Pauline Ave,43.6632257,-79.4397052,"43.6632257,-79.4397052"
409,409,13,2,Kingston Rd / Beech Ave,43.680095,-79.291714,"43.680095,-79.291714"
410,410,9,9,Victoria Park Ave / Danforth Ave,43.691468,-79.288619,"43.691468,-79.288619"
411,411,38,3,Union Station,43.645609,-79.380386,"43.645609,-79.380386"
412,412,15,6,Hayter St / La Plante Ave,43.6591666666667,-79.3855555555556,"43.6591666666667,-79.3855555555556"
413,413,15,16,Seaton St / Dundas St E - SMART,43.658777,-79.369596,"43.658777,-79.369596"
414,414,8,7,Lundy Ave / Étienne Brûlé Park,43.6625395,-79.5030161,"43.6625395,-79.5030161"
415,415,15,0,Chiltern Hill Rd / Eglinton Ave W,43.7004017,-79.4275305,"43.7004017,-79.4275305"
416,416,11,4,Torresdale Ave / Antibes Dr,43.77953,-79.45233,"43.77953,-79.45233"
417,417,21,2,Esther Shiner Stadium,43.7774374,-79.4447096,"43.7774374,-79.4447096"
418,418,3,9,St. George St / Hoskin Ave,43.6637403,-79.39806449999999,"43.6637403,-79.39806449999999"
419,419,14,1,Fleming Cres / Bayview Ave,43.707045,-79.375437,"43.707045,-79.375437"
420,420,2,16,King St E / Victoria St,43.6495789,-79.3762096,"43.6495789,-79.3762096"
421,421,14,1,Alameda Ave / Vaughan Rd - SMART,43.690903,-79.4375028,"43.690903,-79.4375028"
422,422,13,2,Adelaide St W / Strachan Ave,43.643253094827294,-79.41230469904167,"43.643253094827294,-79.41230469904167"
423,423,2,17,Royal York Rd / Lake Shore Blvd W,43.6029904,-79.4926867,"43.6029904,-79.4926867"
424,424,11,3,Runnymede Rd / Annette St,43.6596299,-79.4799176,"43.6596299,-79.4799176"
425,425,6,7,Salem Ave / Bloor St W,43.6608333,-79.43166666666667,"43.6608333,-79.43166666666667"
426,426,9,13,Dufferin St / Bloor St W,43.66083333333333,-79.43583333333333,"43.66083333333333,-79.43583333333333"
427,427,3,16,Davisville Ave / Pailton Cres,43.69933,-79.39199,"43.69933,-79.39199"
428,428,4,11,High Park Ave / Dundas St W,43.6653032,-79.4701178,"43.6653032,-79.4701178"
429,429,1,17,Judson St / Royal York Rd,43.6162721,-79.4990363,"43.6162721,-79.4990363"
430,430,24,3,Wilket Creek Park,43.720645,-79.355474,"43.720645,-79.355474"
431,431,11,4,Annette St / Dundas St W,43.6641174,-79.4588522,"43.6641174,-79.4588522"
432,432,2,13,Noble St / Queen St W,43.6424558,-79.4296346,"43.6424558,-79.4296346"
433,433,19,0,Oriole Pkwy / Kilbarry Rd,43.6954486,-79.4026176,"43.6954486,-79.4026176"
434,434,6,9,East Lynn Ave / Danforth Ave,43.6850809,-79.3149901,"43.6850809,-79.3149901"
435,435,15,1,Langford Ave / Danforth Ave - SMART,43.6800218,-79.3405681,"43.6800218,-79.3405681"
436,436,16,0,University of Toronto Scarborough,43.7842419,-79.1849889,"43.7842419,-79.1849889"
437,437,4,11,190 Queens Quay E,43.6451308,-79.36536439999999,"43.6451308,-79.36536439999999"
438,438,6,13,324 Cherry St,43.6482995,-79.3552533,"43.6482995,-79.3552533"
439,439,8,9,Elm St/ University Ave (East Side),43.65637299999999,-79.38781039999999,"43.65637299999999,-79.38781039999999"
440,440,4,16,Walton St / Elizabeth St - SMART,43.657838,-79.38631,"43.657838,-79.38631"
441,441,12,4,Waterfront Trail (Rouge Hill),43.778015,-79.131911,"43.778015,-79.131911"
442,442,21,2,St Clair Ave W / Gunns Rd,43.672079,-79.470171,"43.672079,-79.470171"
443,443,10,9,Pape Ave / Gamble Ave,43.690237,-79.350119,"43.690237,-79.350119"
444,444,18,0,Roehampton Ave / Mount Pleasant Rd,43.70942,-79.39139,"43.70942,-79.39139"
445,445,10,4,Church St / Bloor St E,43.671389,-79.382919,"43.671389,-79.382919"
446,446,18,3,200 Bloor St E,43.671561,-79.38117,"43.671561,-79.38117"
447,447,9,0,Bloor St W / Balmuto St,43.669903,-79.387802,"43.669903,-79.387802"
448,448,12,2,Moore Park,43.693256,-79.383238,"43.693256,-79.383238"
449,449,2,4,Bloor St W / Pacific Ave,43.65412449999999,-79.4636388,"43.65412449999999,-79.4636388"
450,450,9,6,Danforth Ave / Dewhurst Blvd,43.680207,-79.339243,"43.680207,-79.339243"
451,451,9,1,Bloor St W / Brock Ave,43.6589882,-79.438715,"43.6589882,-79.438715"
452,452,16,0,Davenport Rd / Dovercourt Rd - SMART,43.6741219,-79.4352208,"43.6741219,-79.4352208"
453,453,2,12,1 Market St - SMART,43.6469928,-79.3706665,"43.6469928,-79.3706665"
454,454,3,20,Brick Works,43.683884,-79.36647,"43.683884,-79.36647"
455,455,3,13,University Ave / Gerrard St W (WEST) - SMART,43.6578449,-79.3899265,"43.6578449,-79.3899265"
456,456,3,18,University Ave / King St W - SMART,43.6477785,-79.3847928,"43.6477785,-79.3847928"
457,457,19,0,Amroth Ave / Danforth Ave,43.6856128,-79.31168269999999,"43.6856128,-79.31168269999999"
458,458,3,7,Summerhill Subway Station,43.681944,-79.390556,"43.681944,-79.390556"
459,459,18,6,Niagara St / Richmond St W,43.64534,-79.409597,"43.64534,-79.409597"
460,460,8,11,Beaty Ave / Queen St W,43.6393107,-79.4408141,"43.6393107,-79.4408141"
461,461,14,8,Blantyre Park,43.68306889999999,-79.279682,"43.68306889999999,-79.279682"
462,462,2,12,Queen St E / Rushbrooke Ave,43.6626628,-79.3323698,"43.6626628,-79.3323698"
463,463,11,4,Donlands Subway Station,43.681114,-79.3373885,"43.681114,-79.3373885"
464,464,7,6,Lynn Williams St / East Liberty St - SMART,43.638925,-79.4168659,"43.638925,-79.4168659"
465,465,6,8,Eastwood Rd / Woodbine Ave - SMART,43.676216,-79.309395,"43.676216,-79.309395"
466,466,0,21,Victoria St / Queen St E,43.652822,-79.378208,"43.652822,-79.378208"
467,467,11,27,285 Victoria St,43.656633,-79.379625,"43.656633,-79.379625"
468,468,12,4,Gerrard St E / Victoria Park Ave - SMART,43.686962,-79.286864,"43.686962,-79.286864"
469,469,14,3,Kilgour Rd / Rumsey Rd,43.718039,-79.371914,"43.718039,-79.371914"
470,470,10,4,Bay St / Scollard St,43.672152,-79.39018,"43.672152,-79.39018"
471,471,15,4,Weston Rd / St Clair Ave W - SMART,43.673019,-79.467994,"43.673019,-79.467994"
472,472,14,1,Sunnybrook Health Centre - L Wing,43.72268,-79.37644,"43.72268,-79.37644"
473,473,15,11,Dundas St W / St Helen's Ave - SMART,43.6504218,-79.4407647,"43.6504218,-79.4407647"
474,474,14,4,Yonge St / St Clair Ave,43.68850459999999,-79.3940052,"43.68850459999999,-79.3940052"
475,475,15,15,Spadina Ave / Blue Jays Way,43.641705,-79.393295,"43.641705,-79.393295"
476,476,18,5,Bloor St W / Riverside Dr,43.647663,-79.487583,"43.647663,-79.487583"
477,477,4,7,Sunnybrook Health Centre - S Wing,43.720998,-79.377456,"43.720998,-79.377456"
478,478,9,3,Yonge St / Woburn Ave - SMART,43.72814640000001,-79.4032194,"43.72814640000001,-79.4032194"
479,479,18,0,Simcoe St / Michael Sweet Ave,43.652327224103,-79.3882538196087,"43.652327224103,-79.3882538196087"
480,480,1,8,Queen St W / Dovercourt Rd,43.6438602,-79.4227573,"43.6438602,-79.4227573"
481,481,11,1,Yonge St / Montgomery Ave - SMART,43.7093201,-79.3996301,"43.7093201,-79.3996301"
482,482,17,10,King's Mill Park,43.64920406876699,-79.49336334201408,"43.64920406876699,-79.49336334201408"
483,483,5,29,University Ave / Richmond St W,43.6503935,-79.3860211,"43.6503935,-79.3860211"
484,484,1,15,135 Queens Wharf Rd - SMART,43.6399714,-79.39940399999999,"43.6399714,-79.39940399999999"
485,485,11,8,406 Oakwood Ave,43.68827060022711,-79.43937767081853,"43.68827060022711,-79.43937767081853"
486,486,2,20,Granby St / Church St - SMART,43.6614605,-79.37894570000002,"43.6614605,-79.37894570000002"
487,487,15,5,Lumsden Ave / Eastdale Ave,43.69413548199171,-79.30058718775287,"43.69413548199171,-79.30058718775287"
488,488,15,8,Yonge St / Lawrence Ave E,43.7254665,-79.40115449999999,"43.7254665,-79.40115449999999"
489,489,33,1,Yonge St / Orchard View Blvd,43.7083577,-79.39886200000001,"43.7083577,-79.39886200000001"
490,490,1,15,Hanna Ave / Liberty St,43.63840090000001,-79.4197107,"43.63840090000001,-79.4197107"
491,491,7,12,Lower Don River Trail and Taylor Creek Trail,43.7027268,-79.33368089999999,"43.7027268,-79.33368089999999"
492,492,6,11,St Columba Pl / St Clair Ave E,43.70567,-79.310554,"43.70567,-79.310554"
493,493,1,17,Strachan Ave / Princes' Blvd,43.635,-79.4088888888889,"43.635,-79.4088888888889"
494,494,8,7,King St E / River St,43.65678478285314,-79.35627385059036,"43.65678478285314,-79.35627385059036"
495,495,11,4,Yonge St / Golfdale Rd,43.732016,-79.403637,"43.732016,-79.403637"
496,496,6,8,909 Yonge St,43.67515255542865,-79.38849615969643,"43.67515255542865,-79.38849615969643"
497,497,16,0,640 Bloor Street E,43.67468857448634,-79.36701962396272,"43.67468857448634,-79.36701962396272"
498,498,7,9,York University (Glendon Campus) - SMART,43.72736548824631,-79.3814254607724,"43.72736548824631,-79.3814254607724"
499,499,16,0,1303 Yonge St - SMART,43.6846177,-79.39245919999999,"43.6846177,-79.39245919999999"
500,500,14,2,York University Station (South) - SMART,43.77345,-79.5002,"43.77345,-79.5002"
501,501,14,0,Woodbine Subway Station,43.686442,-79.313404,"43.686442,-79.313404"
502,502,18,15,Spadina Ave / Sussex Ave - SMART,43.66402799999999,-79.40297869999999,"43.66402799999999,-79.40297869999999"
503,503,15,22,Simcoe St / Queen St W,43.65049,-79.3873,"43.65049,-79.3873"
504,504,22,5,Bathurst St / Front St W,43.64134790000001,-79.4013882,"43.64134790000001,-79.4013882"
505,505,5,17,Bay St / Harbour St (East),43.64215,-79.377,"43.64215,-79.377"
506,506,12,6,East Liberty St / Western Battery Rd,43.6392777,-79.4115736,"43.6392777,-79.4115736"
507,507,4,16,King St W / Brant St,43.645102,-79.39744979999999,"43.645102,-79.39744979999999"
508,508,9,2,Bloor St W / Gladstone Ave - SMART,43.6602021,-79.4342726,"43.6602021,-79.4342726"
509,509,8,7,High Park Blvd / Parkside Dr,43.644887,-79.45641169999999,"43.644887,-79.45641169999999"
510,510,15,11,20 Eaton Ave,43.680012,-79.34403250000001,"43.680012,-79.34403250000001"
511,511,11,4,Fort York Blvd / Garrison Rd,43.637381,-79.406112,"43.637381,-79.406112"
512,512,17,8,Housey St / Dan Leckie Way,43.63811,-79.397877,"43.63811,-79.397877"
513,513,8,5,1525 Dundas St W,43.64957,-79.432446,"43.64957,-79.432446"
514,514,4,21,85 Lee Ave,43.6700692,-79.2971326,"43.6700692,-79.2971326"
515,515,8,8,Mutual St / Shuter St (Arena Gardens),43.6559476,-79.37558829999999,"43.6559476,-79.37558829999999"
516,516,1,17,Queen St E / Joseph Duggan Rd,43.6677628,-79.30811709999999,"43.6677628,-79.30811709999999"
517,517,2,17,Heyworth Cres / Kingston Rd,43.6750806,-79.3068697,"43.6750806,-79.3068697"
518,518,12,0,St Clair Ave W / Caledonia Rd,43.6754247,-79.4547813,"43.6754247,-79.4547813"
519,519,3,19,Wellington St W / Stafford St,43.6409957,-79.40966630000001,"43.6409957,-79.40966630000001"
520,520,2,13,111 Broadview Ave,43.6593483,-79.34993659999999,"43.6593483,-79.34993659999999"
521,521,18,1,Christie St / Dupont St,43.67168,-79.421192,"43.67168,-79.421192"
522,522,1,8,Richmond St E / Jarvis St Green P,43.652634,-79.374222,"43.652634,-79.374222"
523,523,5,22,Bathurst St / Dundas St W,43.6519501,-79.4060978,"43.6519501,-79.4060978"
524,524,9,10,Oak St / Sackville St,43.6613642,-79.3641171,"43.6613642,-79.3641171"
525,525,12,5,24 Mountjoy Ave,43.6808774,-79.3304491,"43.6808774,-79.3304491"
526,526,2,17,Colgate Ave / Carlaw Ave,43.6623658,-79.3413344,"43.6623658,-79.3413344"
527,527,20,7,Felstead Ave/Gillard Ave (Monarch Park),43.6791345,-79.3263159,"43.6791345,-79.3263159"
528,528,4,11,Lower Jarvis / The Esplanade,43.6478206,-79.3704721,"43.6478206,-79.3704721"
529,529,9,8,Coronation Park (Martin Goodman Trail),43.635495,-79.40352209999999,"43.635495,-79.40352209999999"
530,530,4,15,101 Cedarvale Ave,43.6868681,-79.3110942,"43.6868681,-79.3110942"
531,531,14,1,St Clair Ave W / Oakwood Ave,43.678177,-79.435364,"43.678177,-79.435364"
532,532,23,0,Beltline Trail / Yonge St,43.6962302,-79.39504339999999,"43.6962302,-79.39504339999999"
533,533,9,5,Shaw St / Essex St - SMART,43.667076,-79.425116,"43.667076,-79.425116"
534,534,7,20,High Park Outdoor Pool,43.649217,-79.465319,"43.649217,-79.465319"
535,535,15,0,St Clair Ave W / Robina Ave,43.68005,-79.43469,"43.68005,-79.43469"
536,536,16,2,Joseph J Piccininni Community Centre,43.675648,-79.4527619,"43.675648,-79.4527619"
537,537,13,0,11 Spadina Rd,43.6677246,-79.4041365,"43.6677246,-79.4041365"
538,538,3,8,Vanauley St / Queen St W - SMART,43.648437,-79.39838,"43.648437,-79.39838"
539,539,16,12,Sherbourne St / Wellesley St E,43.6673,-79.374,"43.6673,-79.374"
540,540,6,15,Queen St W / Bay St (City Hall),43.6517925,-79.38269509999999,"43.6517925,-79.38269509999999"
541,541,7,12,Queen St W / Roncesvalles Ave,43.6372958,-79.4423237,"43.6372958,-79.4423237"
542,542,10,3,Havelock St / Dewson St,43.6554793,-79.4302462,"43.6554793,-79.4302462"
543,543,21,1,St Clair West Subway Station - Heath Entrance,43.686352,-79.415894,"43.686352,-79.415894"
544,544,14,4,Queen St W / Shaw St,43.6442457,-79.41610440000001,"43.6442457,-79.41610440000001"
545,545,11,3,York University Station (North),43.7741,-79.5005,"43.7741,-79.5005"
546,546,12,3,Spadina Rd / St.Clair Ave West,43.683979,-79.410657,"43.683979,-79.410657"
547,547,3,12,Spadina Ave / Adelaide St W,43.6472019,-79.3953394,"43.6472019,-79.3953394"
548,548,0,15,Cherry St / Mill St,43.6513927,-79.35794659999999,"43.6513927,-79.35794659999999"
549,549,14,2,Jarvis St / Maitland Pl,43.6647688,-79.3772602,"43.6647688,-79.3772602"
550,550,9,11,Temperance St / Bay St,43.6506,-79.381285,"43.6506,-79.381285"
551,551,15,0,Cherry Beach Sports Fields (55 Unwin Ave),43.6408346,-79.3429074,"43.6408346,-79.3429074"
552,552,11,8,Randolph Ave / Perth Ave,43.6585504,-79.4497659,"43.6585504,-79.4497659"
553,553,21,7,Wolseley St / Augusta Ave,43.6484201,-79.40051919999999,"43.6484201,-79.40051919999999"
554,554,6,5,Lumsden Ave / Cedarvale Ave,43.693187,-79.314283,"43.693187,-79.314283"
555,555,3,7,Niagara St / Portland St,43.6425791,-79.40011729999999,"43.6425791,-79.40011729999999"
556,556,1,15,Church St / The Esplanade,43.6469251,-79.3733192,"43.6469251,-79.3733192"
557,557,1,13,King St W / Portland St,43.644395,-79.40065430000001,"43.644395,-79.40065430000001"
558,558,7,2,Widmer St / King St W,43.6463574,-79.391206,"43.6463574,-79.391206"
559,559,9,4,Wellesley St E / Parliament St,43.6682342,-79.3702641,"43.6682342,-79.3702641"
560,560,13,1,Yonge St / Macpherson Ave,43.6791876,-79.39071899999999,"43.6791876,-79.39071899999999"
561,561,9,6,Davenport Rd / Bedford Rd,43.674446,-79.398331,"43.674446,-79.398331"
562,562,11,3,Exhibition GO Station,43.6352007,-79.4187711,"43.6352007,-79.4187711"
563,563,4,23,265 Armadale Ave,43.6501644,-79.48296909999999,"43.6501644,-79.48296909999999"
564,564,4,22,800 Fleet St,43.636804,-79.408832,"43.636804,-79.408832"
565,565,11,7,St. Joseph St / Bay St - SMART,43.6658804,-79.38761010000002,"43.6658804,-79.38761010000002"
566,566,10,5,Victoria Park Ave / Kingston Rd,43.68035,-79.28357,"43.68035,-79.28357"
567,567,13,3,Ontario St / Adelaide St E -SMART,43.6535052,-79.3667689,"43.6535052,-79.3667689"
568,568,13,2,Highview Ave / Kennedy Rd,43.70241858146351,-79.2563167072858,"43.70241858146351,-79.2563167072858"
569,569,4,10,Kingston Rd / Warden Ave,43.68824135931814,-79.27046628033244,"43.68824135931814,-79.27046628033244"
570,570,7,8,Birchcliff Ave / Kingston Rd,43.691688,-79.265027,"43.691688,-79.265027"
571,571,7,7,Kingston Rd / Glen Everest Rd,43.697490048103,-79.25655146462776,"43.697490048103,-79.25655146462776"
572,572,4,11,Birchmount Rd / Kingston Rd,43.69401297794256,-79.26257204548136,"43.69401297794256,-79.26257204548136"
573,573,8,7,Pharmacy Ave / Danforth Ave,43.6929478,-79.28339980000001,"43.6929478,-79.28339980000001"
574,574,4,11,Danforth Ave / Warden Ave,43.6950192,-79.27180659999999,"43.6950192,-79.27180659999999"
575,575,19,0,Eglinton Ave W / Gilbert Ave,43.69263249999999,-79.4627536,"43.69263249999999,-79.4627536"
576,576,11,4,Sharpe St / Park St (Sandown Park),43.7105975,-79.2541175,"43.7105975,-79.2541175"
577,577,14,5,Eglinton Ave W / Prospect Cemetery,43.69415,-79.45782580000001,"43.69415,-79.45782580000001"
578,578,16,3,Marlee Ave / York Beltline Trail,43.70163,-79.44099,"43.70163,-79.44099"
579,579,11,4,Bert Robinson Park,43.688028,-79.460265,"43.688028,-79.460265"
580,580,23,0,Rogers Rd / Prospect Cemetery,43.68323,-79.455765,"43.68323,-79.455765"
581,581,7,7,Eglinton Ave W / Ennerdale Rd,43.69466,-79.45376999999999,"43.69466,-79.45376999999999"
582,582,5,3,Chester Subway Station,43.6784834,-79.3513564,"43.6784834,-79.3513564"
583,583,14,5,Bloor St W / Old Mill Trl,43.65016869999999,-79.4963345,"43.65016869999999,-79.4963345"
584,584,14,1,Wendover Rd / Bloor St W (Green P),43.6492,-79.50601999999999,"43.6492,-79.50601999999999"
585,585,8,7,Luttrell Ave / Danforth Ave,43.6897656,-79.2939525,"43.6897656,-79.2939525"
586,586,19,3,1926 Lake Shore Blvd W,43.6357643,-79.4674917,"43.6357643,-79.4674917"
587,587,3,11,36 Park Lawn Rd,43.62369169999999,-79.4838132,"43.62369169999999,-79.4838132"
588,588,6,9,Howard Park Ave / Parkside Dr,43.648657,-79.458111,"43.648657,-79.458111"
589,589,13,6,Ted Rogers Way / Bloor St E,43.671293,-79.380471,"43.671293,-79.380471"
590,590,7,4,Walter Saunders Park,43.69932707258943,-79.4493630391668,"43.69932707258943,-79.4493630391668"
591,591,8,7,Park Lawn Rd / Berry Rd,43.63560589999999,-79.4934616,"43.63560589999999,-79.4934616"
592,592,9,9,Tobermory Dr / Finch Corridor Trail,43.7611741,-79.5114452,"43.7611741,-79.5114452"
593,593,15,3,Driftwood Ave / Finch Corridor Trail,43.7603624,-79.5162777,"43.7603624,-79.5162777"
594,594,12,9,Grand Avenue Park,43.62313,-79.4918,"43.62313,-79.4918"
595,595,4,11,The Pond Rd / Shoreham Dr,43.772445,-79.511912,"43.772445,-79.511912"
596,596,9,3,Berkeley St / Adelaide St E - SMART,43.653359,-79.365023,"43.653359,-79.365023"
597,597,10,1,Kingston Rd / Ridgemoor Ave,43.70643614257429,-79.25104443353288,"43.70643614257429,-79.25104443353288"
598,598,12,0,Moss Park,43.655972,-79.370638,"43.655972,-79.370638"
599,599,4,15,York St / Lake Shore Blvd W,43.641952,-79.380723,"43.641952,-79.380723"
600,600,0,9,St. Andrew's Playground Park,43.646552,-79.399586,"43.646552,-79.399586"
601,601,4,9,College St / Henry St ,43.6591529,-79.3947953,"43.6591529,-79.3947953"
602,602,21,2,Emerson Ave / Bloor St W,43.659055,-79.440764,"43.659055,-79.440764"
603,603,15,3,Sherbourne St / Isabella St,43.669576,-79.375961,"43.669576,-79.375961"
604,604,12,5,Victoria Park Ave / Dawes Rd,43.706466,-79.29511,"43.706466,-79.29511"
605,605,4,14,Roncesvalles Ave / Fermanagh Ave,43.646314469245205,-79.44879407014527,"43.646314469245205,-79.44879407014527"
606,606,20,11,Tommy Thompson Park (Leslie Street Spit),43.65222662225532,-79.32295440954084,"43.65222662225532,-79.32295440954084"
607,607,8,7,St. John's Rd / Dundas St W,43.66526761605873,-79.47502122887077,"43.66526761605873,-79.47502122887077"
608,608,14,0,Albany Ave / Bloor St W,43.66554144421798,-79.41010317605742,"43.66554144421798,-79.41010317605742"
609,609,11,0,Pioneer Village Subway Station,43.77649016265579,-79.5085364909097,"43.77649016265579,-79.5085364909097"
610,610,1,18,Toronto Eaton Centre (Yonge St) - SMART,43.655431,-79.380653,"43.655431,-79.380653"
611,611,6,8,Armoury St / Chestnut St,43.65351799690878,-79.38591063795928,"43.65351799690878,-79.38591063795928"
612,612,3,12,Lake Shore Blvd W / Brow Dr,43.59119994025076,-79.54449133041076,"43.59119994025076,-79.54449133041076"
613,613,0,8,25 Booth Ave,43.6544839,-79.34105699999999,"43.6544839,-79.34105699999999"
614,614,3,20,Spadina Ave / Sullivan St,43.65082785552666,-79.39698099821702,"43.65082785552666,-79.39698099821702"
615,615,8,2,St. Clair Ave W / Osler St,43.673843560032594,-79.46092618902435,"43.673843560032594,-79.46092618902435"
616,616,7,7,Simcoe St / King St W,43.647508351306186,-79.38604436555764,"43.647508351306186,-79.38604436555764"
617,617,6,8,Grenoble Dr / Gateway Blvd,43.71513211098082,-79.33413623320465,"43.71513211098082,-79.33413623320465"
618,618,13,2,Grenoble Dr / Deauville Ln,43.71649675774656,-79.33089439933623,"43.71649675774656,-79.33089439933623"
619,619,4,7,Grenoble Dr / Vendome Pl,43.715537998967406,-79.32811427663442,"43.715537998967406,-79.32811427663442"
620,620,13,2,Thorncliffe Park Dr / Leaside Park Trail,43.70400405297843,-79.34807015078738,"43.70400405297843,-79.34807015078738"
621,621,12,5,Ferrand Dr / Rochefort Dr,43.71963253523784,-79.33199950866776,"43.71963253523784,-79.33199950866776"
622,622,13,1,165 McRae Dr,43.70656159598004,-79.36781965092621,"43.70656159598004,-79.36781965092621"
623,623,8,2,75 Thorncliffe Park Dr,43.70518328279426,-79.34224729962946,"43.70518328279426,-79.34224729962946"
624,624,16,0,Mount Pleasant Rd / Davisville Ave - SMART,43.70088225686968,-79.38736016665911,"43.70088225686968,-79.38736016665911"
625,625,11,4,St Clair Ave W / Avenue Rd ,43.68688938028234,-79.40099513147447,"43.68688938028234,-79.40099513147447"
626,626,17,4,HTO Park (Queens Quay W),43.63796,-79.387502,"43.63796,-79.387502"
627,627,0,12,Nassau St / Bellevue Ave,43.65484215542248,-79.40351232494366,"43.65484215542248,-79.40351232494366"
628,628,4,15,Huron St / Harbord St,43.6637,-79.400053,"43.6637,-79.400053"
629,629,14,0,Ward St / Wallace Ave,43.662857,-79.44618,"43.662857,-79.44618"
630,630,17,2,Starspray Blvd / Lawrence Ave E,43.788319,-79.123505,"43.788319,-79.123505"
631,631,9,8,The Well,43.643025055165865,-79.39430137761319,"43.643025055165865,-79.39430137761319"
632,632,1,19,60 Carl Hall Rd - SMART,43.7482972,-79.47570569999999,"43.7482972,-79.47570569999999"
633,633,1,29,HTO Park West,43.63737145931921,-79.38976958703309,"43.63737145931921,-79.38976958703309"
634,634,3,14,Downsview Park Blvd / Keele St  - SMART,43.73673829262113,-79.48227195568086,"43.73673829262113,-79.48227195568086"
635,635,18,2,Downsview Park Subway Station - SMART,43.753107,-79.479626,"43.753107,-79.479626"
636,636,13,3,Keele St / Dovehouse Ave - SMART,43.7494501,-79.4869662,"43.7494501,-79.4869662"
637,637,1,12,Exhibition GO (Atlantic Ave),43.637695491830144,-79.42023184193503,"43.637695491830144,-79.42023184193503"
638,638,0,22,Queens Quay E / Lower Jarvis St ,43.64392767366328,-79.3687301736982,"43.64392767366328,-79.3687301736982"
639,639,23,9,Phoebe St / Spadina Ave,43.650033,-79.396555,"43.650033,-79.396555"
640,640,16,1,Lynn Williams St / Pirandello St ,43.63912451479701,-79.41423166721611,"43.63912451479701,-79.41423166721611"
641,641,8,27,Bay St / Queens Quay W (Ferry Terminal),43.640978,-79.376785,"43.640978,-79.376785"
642,642,11,7,College St / Huron St,43.658148,-79.398167,"43.658148,-79.398167"
643,643,23,4,Northern Dancer Blvd / Lake Shore Blvd E,43.663162,-79.309765,"43.663162,-79.309765"
644,644,14,2,Spadina Rd / Austin Terrace,43.67883,-79.408723,"43.67883,-79.408723"
645,645,25,31,York St / Queens Quay W,43.640132,-79.380464,"43.640132,-79.380464"
646,646,15,3,Front St W / University Ave (1),43.6451635,-79.3831757,"43.6451635,-79.3831757"
647,647,8,6,Willingdon Blvd / Bloor St W (Green P),43.64817,-79.510392,"43.64817,-79.510392"
648,648,6,6,Wallace Ave / Symington Ave - SMART,43.661324,-79.449534,"43.661324,-79.449534"
649,649,14,4,Wellesley Station Green P,43.66496415990742,-79.38355031526893,"43.66496415990742,-79.38355031526893"
650,650,5,10,York St / Harbour St (Love Park),43.640741,-79.3798521,"43.640741,-79.3798521"
651,651,16,0,Sherbourne St / Carlton St (Allan Gardens),43.663102,-79.373181,"43.663102,-79.373181"
652,652,8,18,Ontario Place Blvd / Lake Shore Blvd W,43.6322445,-79.4108105,"43.6322445,-79.4108105"
653,653,4,7,Simcoe St / Dundas St W - SMART,43.655103,-79.389295,"43.655103,-79.389295"
654,654,10,8,College St / Markham St,43.6563888888889,-79.4091666666667,"43.6563888888889,-79.4091666666667"
655,655,15,8,Dundas St W / Crawford St,43.649722,-79.416944,"43.649722,-79.416944"
656,656,2,23,Sunnyside - Gus Ryder Pool,43.637894,-79.454823,"43.637894,-79.454823"
657,657,13,10,High Park - West Rd,43.6525077,-79.4654233,"43.6525077,-79.4654233"
658,658,17,6,Bloor St W / High Park Ave (High Park),43.6535269,-79.4650569,"43.6535269,-79.4650569"
659,659,6,8,Front St E / Cherry St,43.652686,-79.358395,"43.652686,-79.358395"
660,660,5,6,519 Church St  - SMART,43.666850777484896,-79.38114574756837,"43.666850777484896,-79.38114574756837"
661,661,10,8,Dundas St E / River St,43.661152,-79.358505,"43.661152,-79.358505"
662,662,6,8,Shuter St/River St,43.659296,-79.358035,"43.659296,-79.358035"
663,663,12,7,Princes' Blvd / Nunavut Rd,43.6334636,-79.4143057,"43.6334636,-79.4143057"
664,664,9,5,Madison Ave / Bloor St W,43.667158,-79.402761,"43.667158,-79.402761"
665,665,11,4,Danforth Ave / Danforth Rd,43.69362206784152,-79.27710529695892,"43.69362206784152,-79.27710529695892"
666,666,19,0,Brimley Rd / McCowan District Park,43.72704086366749,-79.24391402446746,"43.72704086366749,-79.24391402446746"
667,667,4,11,Ossington Ave / Bruce St,43.64570236705167,-79.41933192053696,"43.64570236705167,-79.41933192053696"
668,668,4,8,King St W / Jameson Ave - SMART,43.63735795888104,-79.43617975886079,"43.63735795888104,-79.43617975886079"
669,669,11,3,Parkcrest Dr / Kingston Rd,43.73596719224253,-79.21995221481933,"43.73596719224253,-79.21995221481933"
670,670,18,1,Scarborough Soccer Centre,43.7154661,-79.2876595,"43.7154661,-79.2876595"
671,671,13,1,Lansdowne Ave / Seaforth Ave ,43.64290439595669,-79.43746059447746,"43.64290439595669,-79.43746059447746"
672,672,15,0,Danforth Rd / Birchmount Rd ,43.70688,-79.26850999999999,"43.70688,-79.26850999999999"
673,673,19,0,Pharmacy Ave / Teesdale Pl,43.69735608087488,-79.28528711019696,"43.69735608087488,-79.28528711019696"
