,citybike_index,empty_slots,free_bikes,num_parks,ave_dis_park,num_plygrd,ave_dis_plygrd,num_sr,ave_dis_sr,med_rating,med_review
0,0,3.0,2.833213344056216,4.0,547.0,1.0986122886681098,150.5,0.6931471805599453,379.0,3.75,2.5649493574615367
1,1,13.0,1.0986122886681098,4.0,479.75,0.6931471805599453,61.0,0.0,,3.5,2.0794415416798357
2,2,9.0,2.70805020110221,4.0,590.75,1.0986122886681098,303.0,0.6931471805599453,257.0,3.75,2.5649493574615367
3,3,9.0,2.772588722239781,2.0,457.0,0.0,,0.6931471805599453,472.0,3.75,4.069026754237811
4,4,9.0,2.9444389791664403,2.0,753.5,0.6931471805599453,749.0,0.0,,3.5,1.791759469228055
5,5,17.0,1.9459101490553132,3.0,658.0,0.0,,0.0,,3.5,1.3862943611198906
6,6,12.0,2.3978952727983707,1.0,314.0,0.0,,0.0,,3.25,4.143134726391533
7,7,16.0,1.0986122886681098,5.0,488.2,0.6931471805599453,671.0,0.0,,4.0,0.6931471805599453
8,8,0.0,2.772588722239781,8.0,343.25,0.6931471805599453,323.0,0.6931471805599453,398.0,3.25,1.6094379124341003
9,9,4.0,1.9459101490553132,6.0,541.3333333333334,1.0986122886681098,455.0,1.0986122886681098,679.0,3.25,1.3862943611198906
10,10,12.0,1.6094379124341003,9.0,425.6666666666667,0.0,,0.6931471805599453,842.0,3.5,1.791759469228055
11,11,8.0,2.3978952727983707,5.0,585.8,1.0986122886681098,511.5,0.6931471805599453,287.0,4.0,2.4849066497880004
12,12,20.0,3.332204510175204,2.0,735.0,0.0,,0.0,,3.75,3.044522437723423
13,13,3.0,1.9459101490553132,5.0,464.8,0.6931471805599453,962.0,0.6931471805599453,459.0,4.0,2.4849066497880004
14,14,17.0,2.302585092994046,2.0,775.0,0.0,,0.6931471805599453,785.0,3.5,2.4849066497880004
15,15,10.0,1.6094379124341003,5.0,579.8,1.0986122886681098,525.5,1.3862943611198906,373.6666666666667,4.0,2.4849066497880004
16,16,13.0,1.0986122886681098,4.0,576.75,1.3862943611198906,615.0,0.6931471805599453,622.0,3.25,2.0794415416798357
17,17,0.0,2.302585092994046,5.0,552.0,1.3862943611198906,325.3333333333333,0.6931471805599453,413.0,3.75,2.1400661634962708
18,18,10.0,2.3978952727983707,4.0,361.5,1.0986122886681098,419.5,0.6931471805599453,281.0,3.5,1.0986122886681098
19,19,14.0,0.0,5.0,694.2,1.0986122886681098,529.0,0.6931471805599453,410.0,3.5,2.6741486494265287
20,20,6.0,2.1972245773362196,4.0,644.0,1.3862943611198906,482.0,0.0,,3.75,2.2512917986064953
21,21,14.0,2.0794415416798357,4.0,656.25,1.3862943611198906,479.0,0.0,,4.0,1.3862943611198906
22,22,10.0,1.9459101490553132,1.0,509.0,0.0,,0.0,,3.25,4.085976312551584
23,23,9.0,2.0794415416798357,3.0,913.6666666666666,0.0,,0.6931471805599453,874.0,3.75,4.07753744390572
24,24,14.0,1.791759469228055,3.0,653.0,0.6931471805599453,790.0,0.6931471805599453,790.0,1.0,0.6931471805599453
25,25,11.0,1.791759469228055,4.0,629.0,1.0986122886681098,531.0,0.6931471805599453,719.0,4.0,1.252762968495368
26,26,14.0,0.6931471805599453,5.0,627.6,0.6931471805599453,774.0,0.6931471805599453,840.0,4.25,1.5040773967762742
27,27,15.0,0.0,1.0,227.0,1.0986122886681098,449.0,0.0,,4.0,1.3862943611198906
28,28,19.0,2.4849066497880004,5.0,639.0,0.0,,1.0986122886681098,401.0,3.5,3.1354942159291497
29,29,8.0,2.3978952727983707,7.0,410.85714285714283,0.6931471805599453,303.0,0.6931471805599453,311.0,4.25,2.0149030205422647
30,30,4.0,2.9444389791664403,1.0,700.0,0.0,,0.0,,3.75,2.833213344056216
31,31,3.0,1.9459101490553132,3.0,680.3333333333334,0.0,,0.0,,3.5,1.3862943611198906
32,32,14.0,0.6931471805599453,5.0,568.8,1.3862943611198906,763.3333333333334,1.0986122886681098,791.5,4.5,1.7047480922384253
33,33,8.0,1.9459101490553132,3.0,704.0,1.6094379124341003,490.75,0.0,,4.0,1.6094379124341003
34,34,6.0,2.5649493574615367,5.0,549.0,0.0,,1.0986122886681098,460.0,3.5,3.1354942159291497
35,35,6.0,2.1972245773362196,7.0,523.7142857142857,0.0,,0.6931471805599453,744.0,4.0,0.6931471805599453
36,36,7.0,2.5649493574615367,8.0,642.375,0.0,,0.6931471805599453,670.0,3.25,0.6931471805599453
37,37,8.0,1.9459101490553132,4.0,702.75,1.3862943611198906,420.3333333333333,0.0,,4.0,0.6931471805599453
38,38,5.0,2.302585092994046,5.0,539.8,0.6931471805599453,184.0,0.0,,3.5,1.3862943611198906
39,39,10.0,2.0794415416798357,1.0,404.0,0.6931471805599453,857.0,0.0,,3.5,3.332204510175204
40,40,1.0,3.091042453358316,5.0,537.8,0.0,,1.0986122886681098,457.5,3.5,3.1354942159291497
41,41,7.0,2.3978952727983707,2.0,488.0,0.0,,0.0,,3.5,1.3862943611198906
42,42,1.0,2.3978952727983707,3.0,587.6666666666666,0.0,,0.0,,3.5,2.1972245773362196
43,43,13.0,2.302585092994046,2.0,622.5,0.6931471805599453,136.0,0.0,,3.5,1.3862943611198906
44,44,17.0,1.0986122886681098,3.0,610.3333333333334,0.0,,1.0986122886681098,475.5,3.5,3.1354942159291497
45,45,1.0,2.1972245773362196,4.0,419.0,1.0986122886681098,347.0,0.6931471805599453,746.0,3.5,2.1972245773362196
46,46,18.0,1.6094379124341003,4.0,656.0,1.6094379124341003,478.0,0.0,,4.0,2.0794415416798357
47,47,14.0,0.0,3.0,512.0,1.791759469228055,451.0,0.6931471805599453,626.0,4.25,2.302585092994046
48,48,17.0,1.0986122886681098,3.0,280.6666666666667,1.791759469228055,366.8,0.6931471805599453,267.0,4.5,1.6094379124341003
49,49,13.0,1.0986122886681098,4.0,530.0,1.3862943611198906,334.3333333333333,0.6931471805599453,490.0,4.25,2.302585092994046
50,50,9.0,1.0986122886681098,9.0,531.5555555555555,0.0,,0.6931471805599453,236.0,4.5,2.70805020110221
51,51,11.0,0.0,6.0,523.3333333333334,0.6931471805599453,862.0,0.0,,2.75,4.412798293340635
52,52,14.0,1.0986122886681098,3.0,141.0,0.0,,0.6931471805599453,57.0,4.5,2.70805020110221
53,53,4.0,2.1972245773362196,4.0,585.5,0.6931471805599453,480.0,0.0,,2.75,4.412798293340635
54,54,6.0,2.6390573296152584,4.0,314.75,0.0,,0.6931471805599453,280.0,4.5,2.70805020110221
55,55,20.0,2.3978952727983707,3.0,482.6666666666667,0.6931471805599453,790.0,0.6931471805599453,267.0,4.25,1.252762968495368
56,56,5.0,2.70805020110221,5.0,495.2,0.6931471805599453,381.0,0.0,,4.25,1.252762968495368
57,57,9.0,1.3862943611198906,3.0,540.3333333333334,1.6094379124341003,508.0,0.6931471805599453,841.0,3.5,1.6094379124341003
58,58,14.0,1.0986122886681098,1.0,437.0,1.791759469228055,475.6,0.6931471805599453,437.0,3.5,1.252762968495368
59,59,6.0,2.302585092994046,3.0,810.0,0.0,,0.0,,3.75,2.917770732084279
60,60,9.0,1.3862943611198906,6.0,626.6666666666666,1.0986122886681098,542.5,0.0,,4.0,1.0986122886681098
61,61,4.0,1.3862943611198906,7.0,442.42857142857144,0.0,,1.0986122886681098,427.0,3.5,1.791759469228055
62,62,18.0,1.0986122886681098,6.0,527.5,0.0,,0.6931471805599453,847.0,3.5,1.791759469228055
63,63,3.0,2.5649493574615367,3.0,691.0,0.0,,1.0986122886681098,700.5,3.75,3.1986731175506815
64,64,7.0,2.0794415416798357,3.0,749.6666666666666,0.0,,1.0986122886681098,531.5,3.5,2.1972245773362196
65,65,3.0,2.6390573296152584,2.0,589.0,0.0,,0.0,,3.5,1.3862943611198906
66,66,12.0,1.791759469228055,6.0,337.1666666666667,1.0986122886681098,585.5,1.0986122886681098,449.5,3.5,1.3862943611198906
67,67,7.0,0.0,3.0,815.3333333333334,0.0,,0.6931471805599453,891.0,3.5,1.3862943611198906
68,68,1.0,2.3978952727983707,3.0,329.3333333333333,0.6931471805599453,413.0,0.0,,4.5,2.302585092994046
69,69,12.0,1.3862943611198906,6.0,435.5,0.6931471805599453,319.0,1.3862943611198906,312.6666666666667,3.75,2.0149030205422647
70,70,11.0,2.1972245773362196,2.0,626.0,1.0986122886681098,556.5,0.0,,4.5,2.6390573296152584
71,71,6.0,2.302585092994046,2.0,618.5,1.0986122886681098,625.0,0.0,,4.5,2.302585092994046
72,72,0.0,2.9444389791664403,3.0,608.6666666666666,0.0,,1.0986122886681098,509.5,3.5,3.044522437723423
73,73,3.0,2.5649493574615367,4.0,353.75,0.0,,0.6931471805599453,232.0,3.75,2.0149030205422647
74,74,6.0,1.6094379124341003,3.0,502.6666666666667,0.6931471805599453,699.0,0.0,,4.25,2.6741486494265287
75,75,1.0,2.4849066497880004,4.0,351.0,0.6931471805599453,285.0,0.6931471805599453,605.0,3.5,2.1972245773362196
76,76,0.0,3.1780538303479458,5.0,613.0,1.0986122886681098,689.0,0.0,,4.0,3.044522437723423
77,77,2.0,2.833213344056216,4.0,450.5,1.0986122886681098,668.0,0.6931471805599453,413.0,3.75,2.1972245773362196
78,78,4.0,3.258096538021482,2.0,672.5,0.0,,0.0,,3.25,4.189654742026425
79,79,8.0,0.6931471805599453,4.0,444.75,1.3862943611198906,469.3333333333333,0.6931471805599453,859.0,4.0,1.791759469228055
80,80,18.0,2.302585092994046,5.0,762.8,0.6931471805599453,688.0,0.0,,4.0,1.3862943611198906
81,81,9.0,2.70805020110221,5.0,478.6,1.3862943611198906,487.0,0.0,,3.75,1.5040773967762742
82,82,1.0,2.5649493574615367,5.0,464.6,1.0986122886681098,257.0,0.0,,4.0,0.6931471805599453
83,83,10.0,0.6931471805599453,6.0,708.0,0.6931471805599453,440.0,0.0,,4.25,1.791759469228055
84,84,15.0,0.0,3.0,773.3333333333334,0.6931471805599453,127.0,0.0,,4.25,1.0986122886681098
85,85,8.0,2.4849066497880004,5.0,630.8,1.3862943611198906,548.6666666666666,0.0,,4.0,1.252762968495368
86,86,1.0,2.5649493574615367,5.0,444.4,1.0986122886681098,246.5,0.0,,4.0,0.6931471805599453
87,87,10.0,1.791759469228055,5.0,467.6,1.0986122886681098,685.0,0.0,,4.25,1.791759469228055
88,88,3.0,2.4849066497880004,4.0,535.0,1.3862943611198906,528.6666666666666,0.0,,4.25,1.6094379124341003
89,89,13.0,1.0986122886681098,2.0,703.5,1.3862943611198906,524.6666666666666,0.0,,3.75,0.9162907318741551
90,90,8.0,1.3862943611198906,3.0,141.66666666666666,1.3862943611198906,221.66666666666666,0.0,,4.0,1.791759469228055
91,91,18.0,0.0,4.0,679.0,0.6931471805599453,687.0,0.0,,4.25,2.70805020110221
92,92,15.0,2.1972245773362196,2.0,440.5,1.3862943611198906,403.0,0.0,,4.0,1.0986122886681098
93,93,14.0,1.791759469228055,7.0,586.1428571428571,1.0986122886681098,766.0,0.0,,4.0,1.3862943611198906
94,94,13.0,1.791759469228055,7.0,769.0,0.6931471805599453,576.0,0.0,,1.5,1.0986122886681098
95,95,13.0,0.6931471805599453,4.0,693.0,1.0986122886681098,699.5,0.6931471805599453,410.0,,
96,96,5.0,2.70805020110221,5.0,745.4,1.0986122886681098,492.5,0.6931471805599453,726.0,3.5,1.0986122886681098
97,97,4.0,2.5649493574615367,5.0,633.8,0.6931471805599453,918.0,0.6931471805599453,617.0,3.75,2.8622008809294686
98,98,22.0,0.0,6.0,654.1666666666666,0.6931471805599453,116.0,0.6931471805599453,908.0,4.25,0.9162907318741551
99,99,6.0,2.302585092994046,3.0,686.0,1.3862943611198906,618.3333333333334,0.6931471805599453,838.0,4.0,1.6094379124341003
100,100,2.0,1.3862943611198906,3.0,660.3333333333334,0.0,,1.0986122886681098,685.0,3.75,1.8718021769015913
101,101,9.0,2.3978952727983707,5.0,458.0,0.6931471805599453,174.0,0.0,,3.5,2.0794415416798357
102,102,9.0,2.302585092994046,2.0,585.5,0.0,,0.0,,3.75,3.1780538303479458
103,103,12.0,1.9459101490553132,4.0,480.0,0.0,,1.3862943611198906,550.6666666666666,3.5,2.1972245773362196
104,104,6.0,2.6390573296152584,5.0,543.0,1.0986122886681098,652.0,0.0,,4.25,2.302585092994046
105,105,9.0,2.1972245773362196,5.0,565.4,1.6094379124341003,385.75,0.6931471805599453,858.0,3.0,1.3862943611198906
106,106,10.0,2.1972245773362196,5.0,627.8,1.0986122886681098,473.5,0.6931471805599453,935.0,4.0,3.044522437723423
107,107,4.0,1.6094379124341003,6.0,698.5,1.0986122886681098,738.5,0.6931471805599453,686.0,4.5,2.70805020110221
108,108,27.0,0.0,6.0,457.8333333333333,1.0986122886681098,499.5,0.6931471805599453,212.0,4.0,2.5649493574615367
109,109,9.0,2.8903717578961645,5.0,388.4,0.6931471805599453,57.0,0.6931471805599453,465.0,4.0,3.091042453358316
110,110,6.0,3.044522437723423,1.0,889.0,0.0,,0.0,,3.75,1.8718021769015913
111,111,1.0,2.5649493574615367,6.0,370.0,1.3862943611198906,339.6666666666667,1.3862943611198906,314.6666666666667,3.75,2.2512917986064953
112,112,6.0,2.302585092994046,4.0,439.75,1.3862943611198906,617.3333333333334,0.6931471805599453,184.0,4.0,1.6094379124341003
113,113,15.0,2.5649493574615367,3.0,489.3333333333333,0.6931471805599453,394.0,0.0,,3.75,1.6094379124341003
114,114,13.0,1.0986122886681098,3.0,623.3333333333334,1.0986122886681098,764.5,0.0,,3.75,1.6094379124341003
115,115,1.0,2.302585092994046,4.0,608.5,0.0,,1.0986122886681098,552.5,3.75,1.8718021769015913
116,116,14.0,3.2188758248682006,3.0,665.6666666666666,0.0,,0.0,,4.0,3.2188758248682006
117,117,2.0,2.772588722239781,4.0,522.25,0.0,,0.6931471805599453,561.0,3.5,0.9162907318741551
118,118,4.0,2.3978952727983707,4.0,521.75,1.0986122886681098,927.0,0.0,,4.0,3.258096538021482
119,119,0.0,2.995732273553991,6.0,582.3333333333334,1.0986122886681098,657.0,0.6931471805599453,832.0,3.75,2.4423470353692043
120,120,12.0,2.4849066497880004,6.0,445.3333333333333,0.0,,0.6931471805599453,220.0,3.5,1.3862943611198906
121,121,0.0,2.9444389791664403,5.0,551.0,0.0,,1.0986122886681098,471.5,3.5,3.1780538303479458
122,122,7.0,2.1972245773362196,6.0,479.1666666666667,0.6931471805599453,492.0,0.0,,4.25,1.252762968495368
123,123,9.0,2.3978952727983707,6.0,410.3333333333333,0.6931471805599453,537.0,0.0,,4.0,1.6094379124341003
124,124,13.0,2.3978952727983707,5.0,361.2,0.6931471805599453,535.0,0.0,,4.25,3.871201010907891
125,125,15.0,0.0,5.0,404.6,0.6931471805599453,245.0,1.0986122886681098,555.5,4.0,2.1972245773362196
126,126,9.0,0.6931471805599453,7.0,366.2857142857143,0.0,,0.0,,4.0,1.0986122886681098
127,127,11.0,0.0,6.0,551.5,0.6931471805599453,364.0,1.0986122886681098,519.0,4.0,2.302585092994046
128,128,9.0,0.6931471805599453,5.0,370.4,0.0,,0.0,,4.0,2.833213344056216
129,129,15.0,2.1972245773362196,4.0,568.25,0.6931471805599453,840.0,0.0,,4.0,1.6094379124341003
130,130,10.0,1.791759469228055,5.0,534.8,1.791759469228055,404.6,0.6931471805599453,330.0,2.75,1.791759469228055
131,131,19.0,1.6094379124341003,7.0,591.0,0.6931471805599453,732.0,0.0,,2.5,0.6931471805599453
132,132,14.0,0.6931471805599453,4.0,673.25,0.0,,0.0,,4.25,2.970414465569701
133,133,12.0,1.791759469228055,2.0,737.0,0.6931471805599453,771.0,0.0,,3.5,1.3862943611198906
134,134,15.0,2.0794415416798357,2.0,476.0,0.0,,0.0,,3.5,1.3862943611198906
135,135,9.0,1.9459101490553132,2.0,339.0,1.9459101490553132,527.3333333333334,0.0,,4.0,1.6094379124341003
136,136,5.0,2.3978952727983707,2.0,532.0,0.0,,0.0,,4.0,3.2188758248682006
137,137,4.0,2.1972245773362196,4.0,505.0,1.3862943611198906,356.0,0.6931471805599453,582.0,4.0,1.791759469228055
138,138,10.0,1.3862943611198906,7.0,485.2857142857143,0.0,,0.6931471805599453,804.0,3.5,1.791759469228055
139,139,7.0,2.302585092994046,3.0,612.3333333333334,0.6931471805599453,537.0,0.6931471805599453,699.0,4.0,0.6931471805599453
140,140,11.0,3.1354942159291497,4.0,804.5,0.6931471805599453,407.0,0.6931471805599453,1078.0,4.25,0.9162907318741551
141,141,30.0,1.3862943611198906,4.0,337.0,1.0986122886681098,363.5,0.6931471805599453,471.0,4.0,2.302585092994046
142,142,16.0,0.6931471805599453,7.0,709.5714285714286,0.6931471805599453,597.0,1.0986122886681098,575.5,4.0,2.302585092994046
143,143,18.0,0.6931471805599453,3.0,586.6666666666666,0.6931471805599453,632.0,0.6931471805599453,355.0,4.0,1.3862943611198906
144,144,5.0,2.70805020110221,4.0,610.25,0.6931471805599453,570.0,0.6931471805599453,325.0,3.75,1.9459101490553132
145,145,2.0,2.833213344056216,1.0,925.0,1.0986122886681098,724.0,0.0,,4.5,1.9459101490553132
146,146,2.0,3.044522437723423,4.0,721.0,0.6931471805599453,379.0,0.6931471805599453,1113.0,4.0,3.295836866004329
147,147,3.0,2.1972245773362196,8.0,479.0,0.6931471805599453,836.0,0.6931471805599453,377.0,4.5,2.70805020110221
148,148,3.0,2.8903717578961645,4.0,407.25,0.6931471805599453,320.0,0.6931471805599453,835.0,3.75,2.6390573296152584
149,149,6.0,2.772588722239781,4.0,482.25,0.0,,0.6931471805599453,245.0,4.0,2.772588722239781
150,150,1.0,2.302585092994046,5.0,568.2,0.6931471805599453,305.0,0.0,,3.75,2.2512917986064953
151,151,4.0,3.258096538021482,3.0,720.0,0.0,,0.6931471805599453,742.0,3.5,1.3862943611198906
152,152,8.0,2.0794415416798357,5.0,403.2,0.0,,0.6931471805599453,668.0,3.5,1.791759469228055
153,153,13.0,2.833213344056216,1.0,578.0,0.0,,0.0,,3.5,2.4849066497880004
154,154,0.0,2.772588722239781,3.0,685.6666666666666,0.6931471805599453,641.0,0.0,,4.25,2.5257286443082556
155,155,12.0,0.0,3.0,477.3333333333333,0.0,,0.0,,4.25,2.917770732084279
156,156,8.0,1.9459101490553132,7.0,483.42857142857144,0.0,,0.6931471805599453,574.0,2.75,1.7047480922384253
157,157,9.0,2.1972245773362196,5.0,302.0,0.6931471805599453,436.0,0.0,,4.25,2.5257286443082556
158,158,15.0,1.6094379124341003,4.0,498.25,1.3862943611198906,405.3333333333333,0.0,,4.0,1.6094379124341003
159,159,3.0,2.3978952727983707,4.0,877.75,0.6931471805599453,624.0,1.0986122886681098,1037.5,4.0,2.70805020110221
160,160,16.0,1.0986122886681098,6.0,429.5,0.6931471805599453,841.0,0.0,,4.0,0.6931471805599453
161,161,23.0,0.0,5.0,355.0,0.6931471805599453,520.0,0.0,,4.0,0.6931471805599453
162,162,11.0,1.9459101490553132,4.0,358.5,1.0986122886681098,624.0,0.6931471805599453,463.0,3.75,1.791759469228055
163,163,10.0,0.0,6.0,616.0,1.0986122886681098,376.5,1.0986122886681098,825.0,4.0,2.302585092994046
164,164,14.0,1.791759469228055,7.0,731.7142857142857,0.6931471805599453,444.0,0.0,,4.0,2.0794415416798357
165,165,16.0,1.3862943611198906,8.0,767.625,0.6931471805599453,563.0,0.0,,4.25,2.4423470353692043
166,166,18.0,0.6931471805599453,6.0,579.3333333333334,1.0986122886681098,716.5,0.6931471805599453,987.0,4.25,2.5257286443082556
167,167,16.0,2.0794415416798357,4.0,625.5,0.6931471805599453,945.0,1.0986122886681098,430.0,3.75,3.349904087274605
168,168,8.0,1.0986122886681098,5.0,642.2,1.0986122886681098,674.0,0.6931471805599453,859.0,3.75,2.1972245773362196
169,169,13.0,1.791759469228055,8.0,400.125,0.6931471805599453,682.0,0.6931471805599453,266.0,4.5,3.044522437723423
170,170,6.0,2.0794415416798357,6.0,588.8333333333334,0.6931471805599453,492.0,1.0986122886681098,521.5,4.0,2.772588722239781
171,171,13.0,0.0,4.0,586.75,0.6931471805599453,531.0,0.6931471805599453,716.0,4.0,3.044522437723423
172,172,6.0,2.1972245773362196,7.0,696.7142857142857,0.6931471805599453,813.0,0.6931471805599453,771.0,4.5,2.302585092994046
173,173,5.0,2.6390573296152584,7.0,479.0,0.6931471805599453,932.0,0.6931471805599453,211.0,4.0,3.970291913552122
174,174,12.0,2.0794415416798357,4.0,601.5,0.6931471805599453,34.0,0.6931471805599453,385.0,3.5,2.8903717578961645
175,175,2.0,2.8903717578961645,5.0,416.6,1.3862943611198906,615.3333333333334,0.6931471805599453,196.0,3.5,1.0986122886681098
176,176,6.0,2.302585092994046,3.0,801.6666666666666,0.0,,0.0,,3.75,2.833213344056216
177,177,11.0,2.1972245773362196,8.0,680.375,0.0,,0.6931471805599453,731.0,4.5,1.6094379124341003
178,178,10.0,1.791759469228055,4.0,308.75,1.0986122886681098,254.0,0.0,,4.0,2.4849066497880004
179,179,6.0,1.6094379124341003,3.0,501.3333333333333,1.0986122886681098,226.5,0.6931471805599453,614.0,4.0,2.6390573296152584
180,180,3.0,2.772588722239781,6.0,645.8333333333334,1.0986122886681098,196.0,0.6931471805599453,1090.0,4.0,0.6931471805599453
181,181,9.0,0.6931471805599453,3.0,594.3333333333334,1.0986122886681098,590.0,0.0,,4.25,2.4423470353692043
182,182,0.0,2.6390573296152584,5.0,675.2,1.0986122886681098,824.0,1.0986122886681098,512.5,3.75,3.0204248861443626
183,183,15.0,0.0,2.0,474.0,0.6931471805599453,675.0,0.0,,3.25,1.5040773967762742
184,184,15.0,2.302585092994046,3.0,451.6666666666667,0.6931471805599453,352.0,0.0,,4.0,3.044522437723423
185,185,7.0,2.0794415416798357,5.0,521.4,0.6931471805599453,734.0,0.0,,4.25,2.6741486494265287
186,186,1.0,2.8903717578961645,1.0,831.0,0.0,,0.0,,3.75,3.044522437723423
187,187,4.0,2.1972245773362196,3.0,640.0,0.0,,1.0986122886681098,758.5,3.5,2.1972245773362196
188,188,5.0,3.091042453358316,2.0,709.0,0.0,,0.0,,3.75,2.772588722239781
189,189,18.0,1.791759469228055,3.0,300.0,0.6931471805599453,660.0,0.0,,4.25,3.1354942159291497
190,190,5.0,1.9459101490553132,3.0,560.6666666666666,0.0,,1.0986122886681098,603.0,3.5,2.1972245773362196
191,191,8.0,1.9459101490553132,1.0,677.0,0.6931471805599453,589.0,0.0,,3.5,1.0986122886681098
192,192,1.0,2.3978952727983707,5.0,720.4,1.3862943611198906,591.0,1.0986122886681098,770.0,3.5,1.9459101490553132
193,193,5.0,2.3978952727983707,2.0,521.5,0.6931471805599453,594.0,0.0,,4.5,2.6390573296152584
194,194,2.0,2.3978952727983707,4.0,577.25,0.0,,0.6931471805599453,876.0,3.5,2.1972245773362196
195,195,12.0,2.1972245773362196,5.0,490.6,0.0,,0.6931471805599453,555.0,3.5,1.791759469228055
196,196,5.0,2.302585092994046,1.0,590.0,0.0,,0.0,,3.25,4.085976312551584
197,197,6.0,2.4849066497880004,2.0,540.5,0.0,,0.0,,3.5,1.791759469228055
198,198,17.0,1.3862943611198906,2.0,725.0,1.3862943611198906,440.3333333333333,0.6931471805599453,669.0,3.0,1.6094379124341003
199,199,19.0,0.6931471805599453,1.0,418.0,1.0986122886681098,456.5,0.0,,4.0,1.3862943611198906
200,200,17.0,0.6931471805599453,3.0,304.6666666666667,0.6931471805599453,119.0,0.6931471805599453,513.0,4.25,1.0986122886681098
201,201,0.0,2.4849066497880004,3.0,549.3333333333334,0.0,,0.6931471805599453,399.0,3.75,3.044522437723423
202,202,0.0,2.995732273553991,5.0,551.4,0.6931471805599453,52.0,0.6931471805599453,367.0,4.0,2.995732273553991
203,203,25.0,2.5649493574615367,1.0,809.0,0.0,,0.0,,3.75,3.044522437723423
204,204,11.0,1.6094379124341003,2.0,476.0,0.0,,0.0,,3.25,4.135166556742356
205,205,4.0,2.772588722239781,4.0,698.25,0.0,,1.3862943611198906,593.6666666666666,3.75,2.740840023925201
206,206,7.0,2.0794415416798357,5.0,391.2,0.6931471805599453,305.0,0.0,,4.25,1.791759469228055
207,207,0.0,3.4011973816621555,2.0,542.0,0.0,,0.0,,3.75,2.917770732084279
208,208,5.0,1.3862943611198906,2.0,710.5,0.0,,0.0,,3.75,3.044522437723423
209,209,12.0,1.3862943611198906,4.0,620.0,1.9459101490553132,471.1666666666667,0.6931471805599453,135.0,3.0,0.6931471805599453
210,210,14.0,2.302585092994046,1.0,112.0,0.6931471805599453,694.0,0.0,,3.5,2.1972245773362196
211,211,9.0,1.6094379124341003,2.0,562.5,0.6931471805599453,980.0,0.0,,3.5,1.3862943611198906
212,212,9.0,2.302585092994046,4.0,737.25,0.6931471805599453,864.0,1.0986122886681098,595.5,4.0,3.332204510175204
213,213,0.0,3.091042453358316,5.0,504.6,0.6931471805599453,561.0,0.0,,3.5,1.3862943611198906
214,214,4.0,2.70805020110221,2.0,681.0,0.0,,0.6931471805599453,1046.0,3.25,4.204692619390966
215,215,4.0,2.70805020110221,2.0,694.0,0.0,,0.0,,3.75,3.044522437723423
216,216,3.0,2.772588722239781,5.0,521.2,0.0,,0.6931471805599453,692.0,3.5,1.791759469228055
217,217,11.0,2.302585092994046,2.0,235.5,0.6931471805599453,853.0,0.0,,3.5,2.1972245773362196
218,218,2.0,2.5649493574615367,5.0,440.0,1.0986122886681098,327.5,0.6931471805599453,475.0,3.75,2.6390573296152584
219,219,5.0,2.5649493574615367,4.0,579.25,0.6931471805599453,357.0,0.6931471805599453,489.0,4.0,2.4849066497880004
220,220,14.0,2.0794415416798357,3.0,592.6666666666666,0.0,,0.0,,4.5,2.772588722239781
221,221,6.0,3.2188758248682006,5.0,577.6,0.0,,0.0,,4.75,3.0204248861443626
222,222,12.0,1.3862943611198906,8.0,538.25,0.6931471805599453,297.0,0.6931471805599453,401.0,4.0,1.791759469228055
223,223,3.0,1.3862943611198906,5.0,419.2,1.0986122886681098,485.5,1.0986122886681098,427.0,3.75,2.302585092994046
224,224,8.0,2.4849066497880004,3.0,543.3333333333334,1.3862943611198906,578.6666666666666,1.0986122886681098,773.0,4.0,2.3978952727983707
225,225,0.0,2.70805020110221,6.0,646.5,1.0986122886681098,180.5,0.0,,3.75,1.5040773967762742
226,226,10.0,1.9459101490553132,7.0,497.85714285714283,0.6931471805599453,354.0,0.6931471805599453,783.0,4.25,1.5040773967762742
227,227,4.0,2.772588722239781,6.0,806.0,1.3862943611198906,462.6666666666667,1.0986122886681098,676.0,4.0,1.6094379124341003
228,228,16.0,0.0,3.0,246.0,1.791759469228055,408.8,0.6931471805599453,120.0,4.25,1.6094379124341003
229,229,11.0,2.0794415416798357,4.0,417.5,1.0986122886681098,618.5,0.6931471805599453,504.0,4.0,0.6931471805599453
230,230,8.0,2.9444389791664403,3.0,762.6666666666666,0.0,,0.0,,3.75,3.1780538303479458
231,231,15.0,0.0,4.0,361.75,0.6931471805599453,420.0,0.0,,3.75,2.6390573296152584
232,232,6.0,2.6390573296152584,4.0,622.25,0.6931471805599453,893.0,0.0,,4.0,3.258096538021482
233,233,15.0,1.3862943611198906,4.0,621.5,1.6094379124341003,392.25,0.6931471805599453,627.0,4.25,2.302585092994046
234,234,3.0,2.833213344056216,5.0,526.6,1.0986122886681098,571.5,0.6931471805599453,789.0,4.0,1.6094379124341003
235,235,6.0,1.9459101490553132,4.0,318.5,1.0986122886681098,659.0,0.6931471805599453,258.0,4.0,1.6094379124341003
236,236,11.0,0.6931471805599453,7.0,392.2857142857143,0.6931471805599453,319.0,1.0986122886681098,489.0,3.25,1.6094379124341003
237,237,4.0,2.6390573296152584,4.0,386.25,1.0986122886681098,268.0,1.0986122886681098,365.5,3.75,1.3862943611198906
238,238,9.0,0.0,4.0,620.75,1.3862943611198906,611.6666666666666,0.6931471805599453,614.0,4.0,0.6931471805599453
239,239,1.0,3.044522437723423,3.0,539.6666666666666,1.9459101490553132,451.0,0.6931471805599453,424.0,4.5,2.302585092994046
240,240,9.0,1.3862943611198906,3.0,632.0,1.6094379124341003,516.5,0.0,,4.25,2.1400661634962708
241,241,12.0,1.3862943611198906,5.0,521.4,0.6931471805599453,73.0,0.0,,2.5,1.3862943611198906
242,242,5.0,2.3978952727983707,5.0,537.6,0.6931471805599453,627.0,0.6931471805599453,333.0,4.0,1.791759469228055
243,243,15.0,1.6094379124341003,3.0,348.0,0.6931471805599453,582.0,0.0,,3.5,1.6094379124341003
244,244,12.0,2.4849066497880004,3.0,696.0,0.0,,1.0986122886681098,678.0,3.5,2.1972245773362196
245,245,0.0,2.772588722239781,7.0,657.2857142857143,0.0,,0.0,,4.25,0.9162907318741551
246,246,3.0,2.833213344056216,3.0,644.0,0.0,,0.6931471805599453,983.0,4.0,3.4011973816621555
247,247,1.0,2.5649493574615367,3.0,448.6666666666667,0.0,,0.0,,3.5,3.1354942159291497
248,248,15.0,1.6094379124341003,6.0,582.3333333333334,0.6931471805599453,218.0,0.0,,4.0,1.791759469228055
249,249,18.0,0.6931471805599453,4.0,475.75,0.6931471805599453,589.0,0.6931471805599453,588.0,4.0,2.1972245773362196
250,250,2.0,2.70805020110221,3.0,464.6666666666667,0.0,,0.6931471805599453,273.0,3.75,2.6390573296152584
251,251,1.0,2.70805020110221,4.0,636.5,0.0,,0.6931471805599453,540.0,3.75,2.70805020110221
252,252,14.0,2.0794415416798357,2.0,544.0,0.6931471805599453,645.0,0.6931471805599453,645.0,4.25,3.1570004211501135
253,253,6.0,2.833213344056216,3.0,196.33333333333334,0.0,,0.6931471805599453,225.0,3.5,1.3862943611198906
254,254,2.0,2.6390573296152584,3.0,585.0,0.6931471805599453,441.0,0.0,,4.25,1.6094379124341003
255,255,19.0,1.3862943611198906,3.0,470.6666666666667,0.6931471805599453,405.0,0.0,,3.5,1.791759469228055
256,256,25.0,1.791759469228055,3.0,688.6666666666666,0.6931471805599453,784.0,0.0,,4.25,2.4423470353692043
257,257,5.0,2.3978952727983707,5.0,272.8,0.6931471805599453,396.0,0.0,,4.25,2.6390573296152584
258,258,2.0,2.6390573296152584,6.0,633.1666666666666,1.0986122886681098,862.5,0.0,,4.25,1.6094379124341003
259,259,8.0,2.4849066497880004,7.0,648.2857142857143,1.3862943611198906,731.3333333333334,0.0,,1.0,0.6931471805599453
260,260,4.0,2.772588722239781,5.0,633.6,0.6931471805599453,271.0,0.6931471805599453,591.0,3.0,0.6931471805599453
261,261,21.0,1.0986122886681098,5.0,453.8,1.791759469228055,622.6,0.6931471805599453,699.0,1.0,0.6931471805599453
262,262,8.0,2.3978952727983707,6.0,525.3333333333334,0.6931471805599453,289.0,1.3862943611198906,403.6666666666667,3.75,2.0149030205422647
263,263,19.0,0.6931471805599453,7.0,597.1428571428571,1.0986122886681098,663.0,0.6931471805599453,689.0,2.5,0.6931471805599453
264,264,9.0,2.833213344056216,4.0,608.5,0.6931471805599453,953.0,0.0,,4.25,1.791759469228055
265,265,12.0,1.0986122886681098,6.0,561.5,0.6931471805599453,118.0,0.0,,4.0,2.302585092994046
266,266,16.0,1.0986122886681098,5.0,399.2,0.6931471805599453,799.0,0.0,,4.0,0.6931471805599453
267,267,16.0,0.6931471805599453,6.0,716.6666666666666,0.6931471805599453,566.0,0.0,,3.5,2.0794415416798357
268,268,11.0,0.0,4.0,629.25,1.6094379124341003,507.5,0.0,,4.0,1.252762968495368
269,269,15.0,0.6931471805599453,4.0,361.25,1.3862943611198906,517.6666666666666,1.0986122886681098,240.5,4.0,2.4849066497880004
270,270,9.0,2.6390573296152584,4.0,603.5,1.0986122886681098,406.0,0.0,,3.75,1.9459101490553132
271,271,14.0,2.5649493574615367,5.0,680.6,1.0986122886681098,739.0,0.6931471805599453,413.0,4.0,1.3862943611198906
272,272,2.0,3.044522437723423,5.0,522.2,0.0,,0.6931471805599453,648.0,4.5,3.449987545831587
273,273,22.0,0.6931471805599453,3.0,831.3333333333334,1.3862943611198906,505.3333333333333,0.6931471805599453,1317.0,4.5,1.3862943611198906
274,274,4.0,2.5649493574615367,6.0,515.8333333333334,0.6931471805599453,148.0,0.6931471805599453,901.0,4.25,1.5040773967762742
275,275,9.0,2.6390573296152584,2.0,486.0,0.0,,0.0,,3.5,1.3862943611198906
276,276,13.0,1.791759469228055,6.0,321.3333333333333,0.6931471805599453,450.0,0.0,,4.0,0.6931471805599453
277,277,13.0,1.0986122886681098,7.0,559.7142857142857,0.6931471805599453,602.0,0.6931471805599453,602.0,3.0,0.6931471805599453
278,278,13.0,2.3978952727983707,8.0,694.625,1.0986122886681098,652.0,1.3862943611198906,714.6666666666666,2.5,0.6931471805599453
279,279,11.0,2.1972245773362196,3.0,379.0,0.6931471805599453,562.0,0.0,,3.75,2.3513752571634776
280,280,6.0,2.8903717578961645,5.0,546.2,0.0,,1.0986122886681098,678.0,3.5,3.1780538303479458
281,281,8.0,2.4849066497880004,3.0,421.0,0.6931471805599453,892.0,0.0,,3.5,2.1972245773362196
282,282,13.0,2.302585092994046,3.0,509.3333333333333,0.0,,0.6931471805599453,506.0,3.5,2.3978952727983707
283,283,18.0,0.0,3.0,816.3333333333334,1.3862943611198906,435.0,0.6931471805599453,734.0,3.0,1.6094379124341003
284,284,22.0,0.6931471805599453,2.0,526.5,0.0,,0.6931471805599453,80.0,3.75,1.9459101490553132
285,285,20.0,0.0,5.0,682.2,1.0986122886681098,911.5,0.0,,1.0,0.6931471805599453
286,286,1.0,2.772588722239781,5.0,725.4,0.6931471805599453,498.0,0.6931471805599453,731.0,3.75,2.6390573296152584
287,287,8.0,1.3862943611198906,6.0,717.1666666666666,0.6931471805599453,452.0,1.0986122886681098,820.0,4.5,1.6094379124341003
288,288,17.0,2.1972245773362196,5.0,652.8,0.6931471805599453,438.0,1.0986122886681098,879.5,3.75,2.6026896854443837
289,289,16.0,1.0986122886681098,3.0,355.0,1.9459101490553132,474.8333333333333,0.6931471805599453,203.0,3.75,1.3862943611198906
290,290,2.0,2.8903717578961645,3.0,375.3333333333333,0.0,,0.6931471805599453,279.0,4.25,2.1400661634962708
291,291,9.0,1.0986122886681098,2.0,509.5,0.6931471805599453,745.0,0.6931471805599453,745.0,4.25,3.1570004211501135
292,292,5.0,1.791759469228055,6.0,512.1666666666666,1.0986122886681098,303.5,0.0,,4.0,1.7047480922384253
293,293,4.0,2.0794415416798357,2.0,813.0,1.9459101490553132,478.8333333333333,0.0,,4.5,1.7047480922384253
294,294,8.0,3.332204510175204,3.0,634.0,0.6931471805599453,792.0,0.0,,3.5,1.791759469228055
295,295,14.0,1.791759469228055,5.0,659.2,1.6094379124341003,534.0,0.6931471805599453,727.0,4.5,2.302585092994046
296,296,29.0,1.0986122886681098,5.0,515.8,0.0,,1.0986122886681098,599.0,3.75,3.2771447329921766
297,297,3.0,2.772588722239781,3.0,350.6666666666667,0.0,,0.0,,3.5,2.833213344056216
298,298,7.0,2.70805020110221,3.0,441.0,0.0,,0.6931471805599453,773.0,3.5,3.1354942159291497
299,299,16.0,2.0794415416798357,3.0,623.0,1.0986122886681098,466.0,0.0,,4.25,2.5257286443082556
300,300,4.0,3.044522437723423,1.0,500.0,0.0,,0.0,,3.25,4.189654742026425
301,301,10.0,0.6931471805599453,3.0,591.3333333333334,1.6094379124341003,521.75,0.0,,4.5,1.0986122886681098
302,302,28.0,3.1354942159291497,4.0,463.5,0.0,,0.6931471805599453,751.0,3.5,1.6094379124341003
303,303,2.0,2.8903717578961645,8.0,652.75,0.6931471805599453,849.0,0.0,,2.5,0.6931471805599453
304,304,14.0,0.0,2.0,630.5,0.6931471805599453,845.0,0.0,,3.5,2.1972245773362196
305,305,16.0,1.9459101490553132,2.0,736.5,0.0,,0.0,,3.5,2.1972245773362196
306,306,13.0,0.6931471805599453,5.0,423.8,1.0986122886681098,448.0,1.0986122886681098,567.0,3.75,1.791759469228055
307,307,23.0,1.6094379124341003,4.0,331.5,1.3862943611198906,730.6666666666666,0.0,,4.0,1.0986122886681098
308,308,2.0,2.1972245773362196,1.0,409.0,0.0,,0.0,,3.75,3.044522437723423
309,309,1.0,2.6390573296152584,3.0,366.3333333333333,0.0,,0.6931471805599453,142.0,4.0,2.70805020110221
310,310,26.0,0.6931471805599453,4.0,587.75,0.0,,0.0,,4.75,2.4849066497880004
311,311,19.0,2.1972245773362196,4.0,586.5,1.0986122886681098,356.0,0.6931471805599453,840.0,4.0,3.295836866004329
312,312,10.0,2.4849066497880004,3.0,805.3333333333334,0.0,,1.0986122886681098,754.5,3.5,2.1972245773362196
313,313,9.0,2.1972245773362196,3.0,492.3333333333333,0.0,,0.6931471805599453,262.0,3.75,3.8918202981106265
314,314,10.0,1.6094379124341003,5.0,517.6,0.0,,0.0,,3.5,2.0794415416798357
315,315,1.0,3.1354942159291497,3.0,315.3333333333333,0.0,,0.6931471805599453,11.0,3.75,2.8622008809294686
316,316,7.0,1.791759469228055,5.0,515.6,0.0,,0.6931471805599453,589.0,3.5,1.791759469228055
317,317,2.0,2.8903717578961645,5.0,504.2,0.0,,0.6931471805599453,562.0,3.5,1.791759469228055
318,318,14.0,0.0,3.0,347.3333333333333,0.6931471805599453,531.0,0.6931471805599453,74.0,3.75,1.9459101490553132
319,319,13.0,2.5649493574615367,3.0,829.6666666666666,0.0,,0.6931471805599453,788.0,3.75,4.204692619390966
320,320,16.0,1.791759469228055,4.0,599.75,0.0,,1.0986122886681098,589.5,3.5,3.1780538303479458
321,321,5.0,1.3862943611198906,4.0,710.75,0.6931471805599453,684.0,1.0986122886681098,660.0,4.0,3.4657359027997265
322,322,18.0,1.9459101490553132,1.0,707.0,0.0,,0.0,,3.75,3.044522437723423
323,323,10.0,1.9459101490553132,2.0,514.5,1.3862943611198906,412.6666666666667,0.6931471805599453,366.0,3.5,1.252762968495368
324,324,1.0,2.6390573296152584,3.0,341.3333333333333,0.0,,0.6931471805599453,94.0,3.75,2.970414465569701
325,325,15.0,2.995732273553991,3.0,626.6666666666666,0.0,,0.0,,3.25,4.143134726391533
326,326,9.0,2.1972245773362196,4.0,380.75,0.0,,0.6931471805599453,480.0,3.5,1.6094379124341003
327,327,2.0,2.833213344056216,2.0,419.0,0.0,,0.0,,3.5,1.3862943611198906
328,328,5.0,1.791759469228055,4.0,743.75,0.0,,0.6931471805599453,955.0,3.5,1.3862943611198906
329,329,12.0,1.0986122886681098,3.0,623.0,0.0,,0.6931471805599453,908.0,3.5,1.3862943611198906
330,330,5.0,2.0794415416798357,3.0,530.0,0.0,,0.6931471805599453,738.0,3.5,1.3862943611198906
331,331,7.0,1.791759469228055,2.0,421.5,0.0,,0.0,,3.5,1.3862943611198906
332,332,5.0,2.5649493574615367,5.0,299.2,0.6931471805599453,548.0,0.0,,4.25,0.9162907318741551
333,333,10.0,2.8903717578961645,3.0,262.3333333333333,0.0,,0.0,,4.5,2.772588722239781
334,334,13.0,2.5649493574615367,4.0,746.0,0.6931471805599453,661.0,0.6931471805599453,661.0,4.0,0.6931471805599453
335,335,0.0,3.1354942159291497,5.0,550.6,0.0,,0.0,,4.25,2.70805020110221
336,336,9.0,1.6094379124341003,5.0,655.8,1.3862943611198906,332.3333333333333,0.6931471805599453,464.0,4.0,1.6094379124341003
337,337,13.0,2.302585092994046,7.0,555.1428571428571,0.6931471805599453,899.0,0.0,,4.0,0.6931471805599453
338,338,11.0,2.4849066497880004,4.0,503.25,1.3862943611198906,706.6666666666666,0.6931471805599453,504.0,4.0,1.9459101490553132
339,339,22.0,0.0,3.0,679.6666666666666,0.0,,0.0,,3.25,1.3862943611198906
340,340,11.0,1.3862943611198906,5.0,748.2,1.0986122886681098,515.0,1.0986122886681098,992.5,4.0,3.044522437723423
341,341,18.0,0.6931471805599453,1.0,812.0,1.3862943611198906,557.3333333333334,0.0,,4.0,2.0149030205422647
342,342,21.0,0.6931471805599453,3.0,778.3333333333334,0.6931471805599453,728.0,0.6931471805599453,902.0,4.0,3.044522437723423
343,343,20.0,0.0,6.0,391.0,0.6931471805599453,111.0,1.0986122886681098,544.5,4.25,1.9459101490553132
344,344,16.0,0.0,5.0,354.6,0.6931471805599453,1000.0,0.0,,4.0,2.302585092994046
345,345,6.0,2.1972245773362196,5.0,734.8,0.0,,0.6931471805599453,936.0,3.5,1.3862943611198906
346,346,8.0,2.0794415416798357,6.0,611.3333333333334,0.0,,0.6931471805599453,965.0,3.5,1.3862943611198906
347,347,11.0,2.0794415416798357,5.0,433.2,0.6931471805599453,440.0,0.0,,3.5,1.3862943611198906
348,348,3.0,2.772588722239781,4.0,629.0,0.0,,0.0,,4.5,1.3862943611198906
349,349,2.0,2.772588722239781,8.0,782.5,0.0,,0.6931471805599453,735.0,4.5,1.0986122886681098
350,350,0.0,3.4657359027997265,6.0,859.1666666666666,0.6931471805599453,316.0,1.0986122886681098,873.0,4.0,1.0986122886681098
351,351,0.0,2.995732273553991,8.0,630.125,0.6931471805599453,417.0,0.6931471805599453,256.0,4.0,1.0986122886681098
352,352,10.0,2.302585092994046,6.0,597.6666666666666,0.0,,1.3862943611198906,594.3333333333334,4.0,0.6931471805599453
353,353,6.0,3.091042453358316,7.0,681.8571428571429,0.0,,0.6931471805599453,1028.0,4.0,0.6931471805599453
354,354,3.0,3.091042453358316,6.0,324.6666666666667,0.6931471805599453,499.0,0.0,,4.0,1.0986122886681098
355,355,20.0,1.0986122886681098,3.0,1032.6666666666667,0.6931471805599453,1076.0,0.0,,4.5,2.5649493574615367
356,356,22.0,0.6931471805599453,4.0,790.5,0.6931471805599453,712.0,0.0,,4.0,0.6931471805599453
357,357,7.0,2.5649493574615367,4.0,707.5,0.6931471805599453,828.0,0.0,,4.0,0.6931471805599453
358,358,22.0,1.791759469228055,6.0,561.5,0.0,,1.0986122886681098,369.0,,
359,359,5.0,2.3978952727983707,3.0,800.3333333333334,0.6931471805599453,575.0,0.0,,4.0,0.6931471805599453
360,360,4.0,3.1780538303479458,6.0,572.3333333333334,1.0986122886681098,321.0,0.0,,3.75,1.5040773967762742
361,361,4.0,0.0,6.0,409.0,0.6931471805599453,355.0,1.0986122886681098,220.5,3.75,2.2512917986064953
362,362,10.0,3.6109179126442243,4.0,404.25,0.6931471805599453,786.0,0.0,,4.25,2.0794415416798357
363,363,9.0,1.9459101490553132,7.0,667.4285714285714,0.0,,0.6931471805599453,1002.0,4.5,1.6094379124341003
364,364,7.0,2.0794415416798357,7.0,481.2857142857143,0.0,,0.0,,2.5,1.3862943611198906
365,365,12.0,2.0794415416798357,5.0,532.4,0.6931471805599453,605.0,0.6931471805599453,541.0,4.25,3.1354942159291497
366,366,10.0,1.6094379124341003,4.0,544.25,0.6931471805599453,121.0,0.0,,3.75,1.6094379124341003
367,367,8.0,2.772588722239781,6.0,673.8333333333334,0.0,,0.6931471805599453,578.0,4.5,2.772588722239781
368,368,8.0,1.791759469228055,5.0,548.6,0.6931471805599453,557.0,0.6931471805599453,372.0,3.5,0.6931471805599453
369,369,13.0,2.0794415416798357,4.0,581.75,0.6931471805599453,258.0,0.0,,3.75,1.6094379124341003
370,370,14.0,2.6390573296152584,5.0,461.0,1.3862943611198906,747.0,0.6931471805599453,313.0,4.0,2.5649493574615367
371,371,12.0,1.9459101490553132,5.0,598.0,0.6931471805599453,314.0,0.6931471805599453,658.0,3.75,2.8622008809294686
372,372,21.0,3.1780538303479458,2.0,230.5,0.6931471805599453,204.0,0.6931471805599453,248.0,3.5,1.791759469228055
373,373,16.0,1.0986122886681098,2.0,342.5,1.0986122886681098,521.0,0.0,,4.0,1.6094379124341003
374,374,13.0,0.0,2.0,549.0,1.0986122886681098,689.0,0.0,,4.0,1.6094379124341003
375,375,10.0,2.302585092994046,5.0,548.6,0.6931471805599453,871.0,0.6931471805599453,501.0,4.5,1.6094379124341003
376,376,17.0,1.791759469228055,6.0,716.3333333333334,1.0986122886681098,699.5,0.0,,,
377,377,22.0,1.791759469228055,2.0,739.5,0.0,,0.0,,,
378,378,18.0,2.1972245773362196,3.0,639.0,0.0,,0.0,,,
379,379,20.0,0.0,2.0,809.5,0.0,,0.0,,,
380,380,8.0,2.3978952727983707,4.0,831.0,0.0,,0.0,,4.5,2.0794415416798357
381,381,14.0,1.791759469228055,2.0,718.5,0.0,,0.6931471805599453,952.0,4.5,2.0794415416798357
382,382,21.0,1.0986122886681098,2.0,733.5,1.0986122886681098,379.5,1.0986122886681098,707.5,2.5,1.252762968495368
383,383,26.0,0.6931471805599453,1.0,88.0,0.0,,0.6931471805599453,883.0,4.5,2.8903717578961645
384,384,12.0,1.3862943611198906,3.0,618.6666666666666,0.6931471805599453,632.0,0.0,,,
385,385,1.0,2.9444389791664403,4.0,570.75,0.6931471805599453,555.0,0.6931471805599453,761.0,3.5,1.3862943611198906
386,386,11.0,2.1972245773362196,4.0,723.25,0.0,,0.0,,4.25,1.6094379124341003
387,387,3.0,2.833213344056216,6.0,602.1666666666666,1.3862943611198906,716.3333333333334,0.0,,1.0,0.6931471805599453
388,388,6.0,2.833213344056216,2.0,544.5,0.0,,0.6931471805599453,670.0,3.75,1.8718021769015913
389,389,11.0,2.1972245773362196,3.0,523.3333333333334,1.6094379124341003,682.75,0.6931471805599453,630.0,4.0,1.9459101490553132
390,390,3.0,2.4849066497880004,0.0,,0.0,,0.0,,3.5,2.8903717578961645
391,391,16.0,2.4849066497880004,4.0,615.25,0.0,,0.0,,4.5,2.70805020110221
392,392,15.0,1.6094379124341003,5.0,745.0,1.3862943611198906,753.6666666666666,0.0,,4.25,1.5040773967762742
393,393,11.0,1.3862943611198906,2.0,629.0,1.0986122886681098,446.5,1.0986122886681098,717.5,3.0,1.3862943611198906
394,394,12.0,1.0986122886681098,1.0,526.0,1.791759469228055,683.6,0.0,,3.5,1.252762968495368
395,395,8.0,2.70805020110221,5.0,556.6,0.0,,0.0,,4.5,1.7047480922384253
396,396,10.0,0.6931471805599453,4.0,778.25,0.6931471805599453,895.0,0.6931471805599453,475.0,4.25,1.7047480922384253
397,397,11.0,2.1972245773362196,4.0,462.5,0.0,,0.0,,4.75,1.3862943611198906
398,398,32.0,2.833213344056216,1.0,847.0,0.6931471805599453,432.0,0.6931471805599453,847.0,4.5,3.4965075614664802
399,399,15.0,2.995732273553991,8.0,451.375,0.0,,1.0986122886681098,547.5,4.0,0.6931471805599453
400,400,5.0,2.4849066497880004,3.0,574.3333333333334,0.0,,0.6931471805599453,743.0,3.5,1.3862943611198906
401,401,19.0,1.9459101490553132,2.0,664.5,0.0,,0.0,,5.0,1.0986122886681098
402,402,9.0,2.3978952727983707,2.0,757.5,0.6931471805599453,135.0,0.0,,5.0,0.6931471805599453
403,404,14.0,1.791759469228055,0.0,,0.0,,0.0,,4.5,2.1972245773362196
404,405,7.0,2.4849066497880004,1.0,188.0,0.6931471805599453,596.0,0.0,,4.25,1.7047480922384253
405,406,5.0,2.8903717578961645,3.0,459.3333333333333,0.0,,0.6931471805599453,45.0,,
406,407,3.0,2.5649493574615367,7.0,836.4285714285714,0.6931471805599453,951.0,0.6931471805599453,969.0,4.5,2.5649493574615367
407,408,17.0,0.0,2.0,745.0,0.0,,0.0,,4.0,2.0794415416798357
408,409,13.0,1.0986122886681098,5.0,661.8,0.6931471805599453,404.0,0.0,,4.5,1.9459101490553132
409,410,9.0,2.302585092994046,4.0,839.0,1.6094379124341003,702.5,0.0,,1.0,0.6931471805599453
410,411,38.0,1.3862943611198906,4.0,667.25,1.0986122886681098,850.0,0.6931471805599453,778.0,3.75,2.8622008809294686
411,412,15.0,1.9459101490553132,2.0,627.5,0.0,,0.0,,3.5,1.3862943611198906
412,413,15.0,2.833213344056216,2.0,448.5,0.0,,0.0,,4.0,3.258096538021482
413,414,8.0,2.0794415416798357,1.0,333.0,0.6931471805599453,844.0,0.0,,4.5,2.5649493574615367
414,415,15.0,0.0,3.0,974.3333333333334,0.0,,0.0,,4.5,1.3862943611198906
415,416,11.0,1.6094379124341003,5.0,630.0,1.6094379124341003,691.25,0.0,,4.5,2.0794415416798357
416,417,21.0,1.0986122886681098,6.0,666.0,0.0,,0.6931471805599453,736.0,,
417,418,3.0,2.302585092994046,4.0,490.25,0.6931471805599453,802.0,1.0986122886681098,594.5,3.5,0.9162907318741551
418,419,14.0,0.6931471805599453,5.0,418.0,0.0,,0.6931471805599453,402.0,,
419,420,2.0,2.833213344056216,2.0,648.0,0.6931471805599453,858.0,0.6931471805599453,400.0,3.75,3.044522437723423
420,421,14.0,0.6931471805599453,2.0,265.0,0.0,,0.6931471805599453,327.0,4.5,1.791759469228055
421,422,13.0,1.0986122886681098,3.0,582.0,1.6094379124341003,615.25,0.0,,4.0,3.044522437723423
422,423,2.0,2.8903717578961645,5.0,742.0,0.6931471805599453,478.0,0.6931471805599453,1023.0,4.0,1.0986122886681098
423,424,11.0,1.3862943611198906,7.0,751.5714285714286,0.6931471805599453,628.0,1.0986122886681098,771.5,2.5,0.6931471805599453
424,425,6.0,2.0794415416798357,5.0,598.0,1.0986122886681098,824.0,0.0,,4.25,2.3978952727983707
425,426,9.0,2.6390573296152584,6.0,515.0,1.0986122886681098,560.5,0.0,,4.0,2.0794415416798357
426,427,3.0,2.833213344056216,4.0,346.5,1.3862943611198906,653.6666666666666,0.0,,4.5,1.6094379124341003
427,428,4.0,2.4849066497880004,2.0,528.5,1.3862943611198906,374.0,0.0,,2.5,0.6931471805599453
428,429,1.0,2.8903717578961645,8.0,630.5,1.0986122886681098,327.5,1.0986122886681098,505.5,4.0,1.0986122886681098
429,430,24.0,1.3862943611198906,3.0,785.0,0.6931471805599453,412.0,0.6931471805599453,743.0,4.75,2.3978952727983707
430,431,11.0,1.6094379124341003,4.0,457.75,0.0,,0.0,,2.0,0.6931471805599453
431,432,2.0,2.6390573296152584,7.0,520.1428571428571,0.6931471805599453,784.0,0.6931471805599453,956.0,4.0,1.3862943611198906
432,433,19.0,0.0,6.0,389.5,0.0,,0.0,,4.5,1.3862943611198906
433,434,6.0,2.302585092994046,3.0,408.0,0.6931471805599453,342.0,0.6931471805599453,423.0,4.5,1.7047480922384253
434,435,15.0,0.6931471805599453,1.0,770.0,1.9459101490553132,463.1666666666667,0.0,,3.0,1.0986122886681098
435,436,16.0,0.0,7.0,495.7142857142857,0.0,,0.6931471805599453,462.0,4.0,1.0986122886681098
436,437,4.0,2.4849066497880004,0.0,,0.0,,0.0,,3.75,2.6026896854443837
437,438,6.0,2.6390573296152584,5.0,659.0,0.6931471805599453,428.0,1.0986122886681098,884.0,3.75,1.6094379124341003
438,439,8.0,2.302585092994046,4.0,761.0,0.6931471805599453,830.0,0.6931471805599453,789.0,3.5,1.3862943611198906
439,440,4.0,2.833213344056216,3.0,660.0,0.0,,0.0,,3.5,1.3862943611198906
440,441,12.0,1.6094379124341003,3.0,614.6666666666666,0.0,,0.0,,5.0,1.0986122886681098
441,442,21.0,1.0986122886681098,2.0,357.5,0.0,,0.0,,2.5,0.6931471805599453
442,443,10.0,2.302585092994046,7.0,636.2857142857143,1.0986122886681098,726.0,1.3862943611198906,342.6666666666667,4.0,1.3862943611198906
443,444,18.0,0.0,5.0,735.4,1.3862943611198906,687.6666666666666,0.0,,3.75,2.5257286443082556
444,445,10.0,1.6094379124341003,1.0,615.0,1.3862943611198906,455.6666666666667,0.0,,3.5,2.1972245773362196
445,446,18.0,1.3862943611198906,5.0,477.8,0.0,,0.0,,3.5,2.1972245773362196
446,447,9.0,0.0,5.0,534.6,0.6931471805599453,968.0,0.0,,3.5,1.791759469228055
447,448,12.0,1.0986122886681098,6.0,523.3333333333334,0.0,,0.6931471805599453,710.0,4.5,1.7047480922384253
448,449,2.0,1.6094379124341003,5.0,743.4,1.3862943611198906,593.6666666666666,1.0986122886681098,858.0,2.75,4.412798293340635
449,450,9.0,1.9459101490553132,5.0,498.0,0.6931471805599453,738.0,0.0,,3.0,1.0986122886681098
450,451,9.0,0.6931471805599453,7.0,490.85714285714283,0.6931471805599453,683.0,0.6931471805599453,488.0,4.0,2.0794415416798357
451,452,16.0,0.0,5.0,534.6,1.3862943611198906,448.3333333333333,0.0,,4.0,1.7047480922384253
452,453,2.0,2.5649493574615367,6.0,658.8333333333334,1.3862943611198906,353.6666666666667,0.6931471805599453,146.0,4.0,2.833213344056216
453,454,3.0,3.044522437723423,4.0,518.0,0.6931471805599453,292.0,0.6931471805599453,403.0,4.75,1.3862943611198906
454,455,3.0,2.6390573296152584,3.0,462.6666666666667,0.6931471805599453,148.0,0.0,,3.5,1.3862943611198906
455,456,3.0,2.9444389791664403,3.0,676.6666666666666,0.0,,0.0,,3.75,2.833213344056216
456,457,19.0,0.0,1.0,671.0,0.0,,0.0,,5.0,0.6931471805599453
457,458,3.0,2.0794415416798357,2.0,624.0,1.791759469228055,439.4,0.0,,4.0,1.6094379124341003
458,459,18.0,1.9459101490553132,5.0,603.0,1.6094379124341003,354.25,0.6931471805599453,455.0,4.0,3.044522437723423
459,460,8.0,2.4849066497880004,5.0,751.8,0.6931471805599453,473.0,1.0986122886681098,877.0,3.75,1.5040773967762742
460,461,14.0,2.1972245773362196,4.0,477.5,1.0986122886681098,141.0,0.0,,4.25,2.1400661634962708
461,462,2.0,2.5649493574615367,0.0,,1.0986122886681098,78.0,0.0,,3.5,1.9459101490553132
462,463,11.0,1.6094379124341003,5.0,430.0,0.6931471805599453,629.0,0.6931471805599453,532.0,3.0,1.0986122886681098
463,464,7.0,1.9459101490553132,7.0,505.0,1.0986122886681098,586.0,0.6931471805599453,625.0,4.25,2.740840023925201
464,465,6.0,2.1972245773362196,3.0,581.3333333333334,1.0986122886681098,708.0,0.0,,4.5,2.3978952727983707
465,466,0.0,3.091042453358316,3.0,537.6666666666666,1.6094379124341003,710.0,0.6931471805599453,480.0,3.5,4.672828834461906
466,467,11.0,3.332204510175204,3.0,630.3333333333334,0.0,,0.6931471805599453,543.0,3.25,4.085976312551584
467,468,12.0,1.6094379124341003,2.0,672.0,0.0,,0.0,,2.75,1.791759469228055
468,469,14.0,1.3862943611198906,3.0,778.0,1.6094379124341003,830.5,0.6931471805599453,922.0,4.5,2.70805020110221
469,470,10.0,1.6094379124341003,4.0,867.75,0.0,,0.6931471805599453,680.0,3.5,1.791759469228055
470,471,15.0,1.6094379124341003,8.0,432.5,0.0,,1.0986122886681098,428.5,2.5,0.6931471805599453
471,472,14.0,0.6931471805599453,6.0,601.8333333333334,0.6931471805599453,710.0,1.6094379124341003,536.0,,
472,473,15.0,2.4849066497880004,1.0,275.0,0.0,,0.6931471805599453,275.0,4.25,2.302585092994046
473,474,14.0,1.6094379124341003,4.0,477.5,1.6094379124341003,315.75,0.6931471805599453,305.0,4.0,1.791759469228055
474,475,15.0,2.772588722239781,5.0,576.6,0.6931471805599453,826.0,0.6931471805599453,573.0,3.5,3.091042453358316
475,476,18.0,1.791759469228055,3.0,617.0,0.0,,1.0986122886681098,528.0,4.5,0.6931471805599453
476,477,4.0,2.0794415416798357,4.0,454.5,1.0986122886681098,838.5,0.6931471805599453,120.0,,
477,478,9.0,1.3862943611198906,2.0,520.5,0.0,,0.6931471805599453,140.0,4.25,1.252762968495368
478,479,18.0,0.0,4.0,716.0,0.6931471805599453,246.0,0.0,,3.5,2.3978952727983707
479,480,1.0,2.1972245773362196,3.0,547.0,0.0,,0.6931471805599453,563.0,4.0,0.6931471805599453
480,481,11.0,0.6931471805599453,6.0,548.8333333333334,1.0986122886681098,487.0,0.0,,3.5,1.252762968495368
481,482,17.0,2.3978952727983707,1.0,480.0,1.791759469228055,503.8,0.6931471805599453,480.0,5.0,0.6931471805599453
482,483,5.0,3.4011973816621555,3.0,336.0,0.6931471805599453,576.0,0.6931471805599453,396.0,3.5,3.044522437723423
483,484,1.0,2.772588722239781,2.0,526.0,0.0,,0.0,,3.5,3.1354942159291497
484,485,11.0,2.1972245773362196,4.0,568.25,0.0,,1.0986122886681098,434.5,4.25,1.5040773967762742
485,486,2.0,3.044522437723423,3.0,665.3333333333334,1.6094379124341003,793.75,0.0,,3.5,3.332204510175204
486,487,15.0,1.791759469228055,1.0,448.0,0.6931471805599453,791.0,0.0,,1.0,0.6931471805599453
487,488,15.0,2.1972245773362196,7.0,547.1428571428571,1.3862943611198906,408.0,0.0,,4.25,1.252762968495368
488,489,33.0,0.6931471805599453,5.0,692.6,0.6931471805599453,460.0,0.0,,3.5,1.252762968495368
489,490,1.0,2.772588722239781,1.0,597.0,1.791759469228055,532.4,0.6931471805599453,597.0,4.25,2.740840023925201
490,491,7.0,2.5649493574615367,2.0,424.5,1.3862943611198906,439.3333333333333,0.0,,4.75,1.9459101490553132
491,492,6.0,2.4849066497880004,6.0,454.5,0.0,,0.6931471805599453,383.0,3.0,1.0986122886681098
492,493,1.0,2.8903717578961645,1.0,921.0,0.0,,0.0,,,
493,494,8.0,2.0794415416798357,4.0,460.75,0.0,,0.0,,,
494,495,11.0,1.6094379124341003,5.0,505.8,1.0986122886681098,217.0,0.6931471805599453,392.0,,
495,496,6.0,2.1972245773362196,3.0,680.0,0.6931471805599453,541.0,0.0,,,
496,497,16.0,0.0,9.0,353.3333333333333,0.6931471805599453,364.0,0.6931471805599453,386.0,,
497,498,7.0,2.302585092994046,3.0,433.3333333333333,0.0,,0.0,,,
498,499,16.0,0.0,1.0,709.0,0.0,,0.6931471805599453,709.0,,
499,500,14.0,1.0986122886681098,4.0,615.0,1.3862943611198906,485.6666666666667,0.6931471805599453,369.0,,
500,501,14.0,0.0,1.0,526.0,0.6931471805599453,749.0,0.0,,,
501,502,18.0,2.772588722239781,1.0,574.0,1.9459101490553132,523.5,0.6931471805599453,782.0,,
502,503,15.0,3.1354942159291497,8.0,465.125,0.0,,1.0986122886681098,478.5,,
503,504,22.0,1.791759469228055,2.0,554.0,0.0,,0.0,,,
504,505,5.0,2.8903717578961645,3.0,495.3333333333333,0.0,,1.0986122886681098,495.5,,
505,506,12.0,1.9459101490553132,2.0,463.5,0.0,,0.0,,,
506,507,4.0,2.833213344056216,3.0,605.3333333333334,1.0986122886681098,489.0,0.0,,,
507,508,9.0,1.0986122886681098,5.0,537.2,0.0,,1.3862943611198906,512.3333333333334,,
508,509,8.0,2.0794415416798357,5.0,411.4,1.0986122886681098,560.5,0.0,,,
509,510,15.0,2.4849066497880004,2.0,796.5,0.6931471805599453,148.0,0.6931471805599453,148.0,,
510,511,11.0,1.6094379124341003,7.0,476.42857142857144,0.0,,0.6931471805599453,553.0,,
511,512,17.0,2.1972245773362196,4.0,664.75,0.0,,0.6931471805599453,797.0,,
512,513,8.0,1.791759469228055,4.0,541.25,0.0,,1.0986122886681098,440.5,,
513,514,4.0,3.091042453358316,5.0,802.0,1.3862943611198906,655.6666666666666,1.0986122886681098,981.0,,
514,515,8.0,2.1972245773362196,2.0,174.0,1.0986122886681098,195.5,0.0,,,
515,516,1.0,2.8903717578961645,0.0,,0.0,,0.0,,,
516,517,2.0,2.8903717578961645,4.0,641.5,0.6931471805599453,782.0,0.6931471805599453,648.0,,
517,518,12.0,0.0,3.0,625.6666666666666,1.3862943611198906,752.0,0.6931471805599453,489.0,,
518,519,3.0,2.995732273553991,6.0,360.8333333333333,0.6931471805599453,776.0,0.6931471805599453,354.0,,
519,520,2.0,2.6390573296152584,4.0,775.5,0.0,,0.6931471805599453,834.0,,
520,521,18.0,0.6931471805599453,5.0,415.4,1.0986122886681098,475.5,1.0986122886681098,409.0,,
521,522,1.0,2.1972245773362196,6.0,669.5,0.6931471805599453,483.0,0.0,,,
522,523,5.0,3.1354942159291497,2.0,298.0,0.0,,0.6931471805599453,289.0,,
523,524,9.0,2.3978952727983707,4.0,731.0,0.6931471805599453,892.0,0.6931471805599453,778.0,,
524,525,12.0,1.791759469228055,5.0,477.4,1.0986122886681098,891.5,0.6931471805599453,468.0,,
525,526,2.0,2.8903717578961645,4.0,485.75,1.3862943611198906,391.6666666666667,0.0,,,
526,527,20.0,2.0794415416798357,6.0,369.6666666666667,1.0986122886681098,278.0,1.0986122886681098,332.5,,
527,528,4.0,2.4849066497880004,2.0,256.5,1.6094379124341003,348.75,0.0,,,
528,529,9.0,2.1972245773362196,5.0,549.2,0.6931471805599453,233.0,0.6931471805599453,324.0,,
529,530,4.0,2.772588722239781,4.0,615.75,0.0,,1.0986122886681098,827.5,,
530,531,14.0,0.6931471805599453,2.0,569.0,1.791759469228055,477.6,0.6931471805599453,599.0,,
531,532,23.0,0.0,6.0,811.1666666666666,1.3862943611198906,550.0,0.0,,,
532,533,9.0,1.791759469228055,1.0,355.0,1.0986122886681098,519.0,0.0,,,
533,534,7.0,3.044522437723423,6.0,680.6666666666666,1.0986122886681098,671.5,0.0,,,
534,535,15.0,0.0,3.0,531.3333333333334,0.6931471805599453,923.0,0.6931471805599453,923.0,,
535,536,16.0,1.0986122886681098,2.0,586.5,1.6094379124341003,606.5,0.0,,,
536,537,13.0,0.0,6.0,379.3333333333333,0.6931471805599453,660.0,0.6931471805599453,470.0,,
537,538,3.0,2.1972245773362196,6.0,323.3333333333333,1.0986122886681098,598.5,1.0986122886681098,414.5,,
538,539,16.0,2.5649493574615367,5.0,475.8,0.6931471805599453,228.0,1.0986122886681098,377.5,,
539,540,6.0,2.772588722239781,1.0,155.0,0.6931471805599453,224.0,0.0,,,
540,541,7.0,2.5649493574615367,3.0,632.3333333333334,0.0,,0.6931471805599453,848.0,,
541,542,10.0,1.3862943611198906,4.0,351.5,1.0986122886681098,309.0,0.0,,,
542,543,21.0,0.6931471805599453,7.0,661.8571428571429,0.6931471805599453,859.0,0.6931471805599453,845.0,,
543,544,14.0,1.6094379124341003,4.0,399.5,0.6931471805599453,220.0,1.0986122886681098,410.5,,
544,545,11.0,1.3862943611198906,5.0,454.0,1.0986122886681098,508.0,0.0,,,
545,546,12.0,1.3862943611198906,1.0,483.0,0.6931471805599453,708.0,0.0,,,
546,547,3.0,2.5649493574615367,4.0,392.75,0.6931471805599453,548.0,0.6931471805599453,330.0,,
547,548,0.0,2.772588722239781,6.0,681.1666666666666,0.0,,1.0986122886681098,436.5,,
548,549,14.0,1.0986122886681098,4.0,535.5,1.0986122886681098,698.0,0.0,,,
549,550,9.0,2.4849066497880004,1.0,789.0,0.6931471805599453,480.0,0.0,,,
550,551,15.0,0.0,2.0,667.0,0.0,,0.6931471805599453,721.0,,
551,552,11.0,2.1972245773362196,1.0,954.0,0.6931471805599453,74.0,0.6931471805599453,954.0,,
552,553,21.0,2.0794415416798357,3.0,595.0,1.3862943611198906,430.6666666666667,0.0,,,
553,554,6.0,1.791759469228055,5.0,357.0,1.0986122886681098,192.5,1.0986122886681098,406.0,,
554,555,3.0,2.0794415416798357,6.0,627.3333333333334,1.0986122886681098,667.5,0.0,,,
555,556,1.0,2.772588722239781,5.0,576.8,0.0,,1.3862943611198906,465.3333333333333,,
556,557,1.0,2.6390573296152584,3.0,557.6666666666666,0.0,,0.6931471805599453,397.0,,
557,558,7.0,1.0986122886681098,5.0,511.6,0.0,,1.3862943611198906,518.6666666666666,,
558,559,9.0,1.6094379124341003,3.0,837.0,0.0,,0.6931471805599453,782.0,,
559,560,13.0,0.6931471805599453,3.0,529.6666666666666,0.6931471805599453,248.0,0.0,,,
560,561,9.0,1.9459101490553132,5.0,579.6,1.6094379124341003,337.5,0.6931471805599453,746.0,,
561,562,11.0,1.3862943611198906,6.0,635.3333333333334,0.0,,0.6931471805599453,867.0,,
562,563,4.0,3.1780538303479458,4.0,774.5,0.6931471805599453,797.0,0.0,,,
563,564,4.0,3.1354942159291497,5.0,520.6,1.0986122886681098,609.0,0.6931471805599453,483.0,,
564,565,11.0,2.0794415416798357,4.0,672.5,0.0,,0.6931471805599453,997.0,,
565,566,10.0,1.791759469228055,5.0,399.6,0.0,,0.6931471805599453,651.0,,
566,567,13.0,1.3862943611198906,0.0,,1.0986122886681098,398.0,0.0,,,
567,568,13.0,1.0986122886681098,5.0,710.0,0.6931471805599453,994.0,0.6931471805599453,561.0,,
568,569,4.0,2.3978952727983707,7.0,666.1428571428571,0.0,,1.6094379124341003,556.75,,
569,570,7.0,2.1972245773362196,2.0,580.5,1.3862943611198906,947.3333333333334,0.6931471805599453,889.0,,
570,571,7.0,2.0794415416798357,5.0,713.2,0.0,,0.6931471805599453,908.0,,
571,572,4.0,2.4849066497880004,5.0,334.4,0.0,,1.3862943611198906,357.0,,
572,573,8.0,2.0794415416798357,6.0,646.3333333333334,0.0,,1.0986122886681098,732.0,,
573,574,4.0,2.4849066497880004,3.0,969.3333333333334,0.6931471805599453,337.0,0.6931471805599453,337.0,,
574,575,19.0,0.0,2.0,403.0,0.6931471805599453,630.0,0.6931471805599453,630.0,,
575,576,11.0,1.6094379124341003,2.0,537.5,0.6931471805599453,877.0,0.6931471805599453,512.0,,
576,577,14.0,1.791759469228055,3.0,425.6666666666667,0.0,,1.0986122886681098,229.0,,
577,578,16.0,1.3862943611198906,3.0,631.0,0.0,,0.6931471805599453,733.0,,
578,579,11.0,1.6094379124341003,7.0,646.8571428571429,1.0986122886681098,632.5,0.6931471805599453,658.0,,
579,580,23.0,0.0,2.0,266.0,1.0986122886681098,793.5,0.6931471805599453,100.0,,
580,581,7.0,2.0794415416798357,6.0,855.1666666666666,0.6931471805599453,478.0,0.6931471805599453,712.0,,
581,582,5.0,1.3862943611198906,4.0,749.0,0.0,,0.6931471805599453,957.0,,
582,583,14.0,1.791759469228055,4.0,306.75,0.6931471805599453,467.0,0.0,,,
583,584,14.0,0.6931471805599453,4.0,537.0,0.6931471805599453,643.0,0.6931471805599453,654.0,,
584,585,8.0,2.0794415416798357,2.0,806.0,0.6931471805599453,960.0,0.6931471805599453,927.0,,
585,586,19.0,1.3862943611198906,5.0,482.0,1.791759469228055,753.4,0.6931471805599453,862.0,,
586,587,3.0,2.4849066497880004,4.0,281.0,0.0,,0.6931471805599453,213.0,,
587,588,6.0,2.302585092994046,6.0,741.3333333333334,0.0,,0.6931471805599453,771.0,,
588,589,13.0,1.9459101490553132,2.0,721.5,0.6931471805599453,572.0,0.6931471805599453,572.0,,
589,590,7.0,1.6094379124341003,5.0,579.4,0.6931471805599453,906.0,0.0,,,
590,591,8.0,2.0794415416798357,2.0,323.5,0.0,,0.0,,,
591,592,9.0,2.302585092994046,5.0,601.2,0.6931471805599453,1004.0,1.6094379124341003,654.75,,
592,593,15.0,1.3862943611198906,2.0,804.0,0.0,,0.0,,,
593,594,12.0,2.302585092994046,1.0,892.0,0.0,,0.0,,,
594,595,4.0,2.4849066497880004,3.0,698.6666666666666,0.6931471805599453,883.0,1.0986122886681098,566.5,,
595,596,9.0,1.3862943611198906,1.0,525.0,0.0,,0.0,,,
596,597,10.0,0.6931471805599453,6.0,617.0,1.0986122886681098,719.0,1.0986122886681098,459.0,,
597,598,12.0,0.0,7.0,690.2857142857143,0.0,,1.6094379124341003,719.25,,
598,599,4.0,2.772588722239781,3.0,759.3333333333334,0.0,,0.6931471805599453,630.0,,
599,600,0.0,2.302585092994046,3.0,454.0,0.0,,0.0,,,
600,601,4.0,2.302585092994046,5.0,575.6,0.0,,1.0986122886681098,266.0,,
601,602,21.0,1.0986122886681098,5.0,567.0,0.0,,0.6931471805599453,862.0,,
602,603,15.0,1.3862943611198906,5.0,595.6,1.3862943611198906,402.0,0.0,,,
603,604,12.0,1.791759469228055,3.0,454.6666666666667,0.6931471805599453,509.0,0.0,,,
604,605,4.0,2.70805020110221,3.0,571.6666666666666,0.0,,0.0,,,
605,606,20.0,2.4849066497880004,3.0,759.0,1.6094379124341003,532.75,1.0986122886681098,604.5,,
606,607,8.0,2.0794415416798357,0.0,,0.6931471805599453,743.0,0.0,,,
607,608,14.0,0.0,6.0,519.1666666666666,1.0986122886681098,243.0,1.0986122886681098,610.0,,
608,609,11.0,0.0,6.0,362.0,1.0986122886681098,483.0,0.0,,,
609,610,1.0,2.9444389791664403,1.0,238.0,0.0,,0.0,,,
610,611,6.0,2.1972245773362196,1.0,512.0,0.0,,0.0,,,
611,612,3.0,2.5649493574615367,2.0,475.0,0.0,,0.0,,,
612,613,0.0,2.1972245773362196,4.0,524.5,0.0,,0.0,,,
613,614,3.0,3.044522437723423,3.0,496.6666666666667,1.3862943611198906,616.0,0.6931471805599453,610.0,,
614,615,8.0,1.0986122886681098,5.0,765.0,0.0,,1.0986122886681098,662.5,,
615,616,7.0,2.0794415416798357,7.0,592.8571428571429,0.0,,1.0986122886681098,505.5,,
616,617,6.0,2.1972245773362196,1.0,655.0,0.0,,0.0,,,
617,618,13.0,1.0986122886681098,3.0,546.6666666666666,1.0986122886681098,576.0,0.6931471805599453,605.0,,
618,619,4.0,2.0794415416798357,3.0,614.6666666666666,1.0986122886681098,500.0,0.6931471805599453,447.0,,
619,620,13.0,1.0986122886681098,2.0,387.0,1.0986122886681098,538.5,0.6931471805599453,634.0,,
620,621,12.0,1.791759469228055,3.0,526.6666666666666,0.0,,0.0,,,
621,622,13.0,0.6931471805599453,3.0,664.6666666666666,1.0986122886681098,500.5,0.6931471805599453,88.0,,
622,623,8.0,1.0986122886681098,1.0,153.0,0.0,,0.6931471805599453,847.0,,
623,624,16.0,0.0,6.0,797.0,0.0,,0.6931471805599453,1110.0,,
624,625,11.0,1.6094379124341003,2.0,255.5,1.3862943611198906,343.6666666666667,0.0,,,
625,626,17.0,1.6094379124341003,5.0,610.0,0.6931471805599453,774.0,0.6931471805599453,766.0,,
626,627,0.0,2.5649493574615367,3.0,421.6666666666667,0.0,,0.6931471805599453,530.0,,
627,628,4.0,2.772588722239781,3.0,452.3333333333333,1.0986122886681098,392.0,0.0,,,
628,629,14.0,0.0,5.0,406.6,0.0,,0.6931471805599453,504.0,,
629,630,17.0,1.0986122886681098,3.0,457.0,1.0986122886681098,524.0,0.0,,,
630,631,9.0,2.1972245773362196,1.0,706.0,0.0,,0.0,,,
631,632,1.0,2.995732273553991,3.0,670.6666666666666,0.0,,1.0986122886681098,553.5,,
632,633,1.0,3.4011973816621555,4.0,567.5,0.6931471805599453,1007.0,0.0,,,
633,634,3.0,2.70805020110221,3.0,587.6666666666666,0.0,,0.6931471805599453,338.0,,
634,635,18.0,1.0986122886681098,2.0,656.0,0.6931471805599453,751.0,0.0,,,
635,636,13.0,1.3862943611198906,4.0,773.5,0.0,,0.6931471805599453,1015.0,,
636,637,1.0,2.5649493574615367,5.0,558.0,0.6931471805599453,926.0,0.6931471805599453,466.0,,
637,638,0.0,3.1354942159291497,2.0,473.0,1.0986122886681098,484.0,0.0,,,
638,639,23.0,2.302585092994046,5.0,742.2,0.6931471805599453,522.0,0.6931471805599453,777.0,,
639,640,16.0,0.6931471805599453,5.0,698.0,0.0,,1.0986122886681098,591.5,,
640,641,8.0,3.332204510175204,3.0,608.0,1.0986122886681098,585.0,0.0,,,
641,642,11.0,2.0794415416798357,2.0,419.5,0.0,,0.0,,,
642,643,23.0,1.6094379124341003,6.0,594.0,0.6931471805599453,379.0,0.6931471805599453,993.0,,
643,644,14.0,1.0986122886681098,3.0,299.6666666666667,0.6931471805599453,176.0,0.6931471805599453,469.0,,
644,645,25.0,3.4657359027997265,7.0,429.14285714285717,0.0,,0.6931471805599453,418.0,,
645,646,15.0,1.3862943611198906,3.0,395.3333333333333,0.0,,0.0,,,
646,647,8.0,1.9459101490553132,2.0,575.5,0.0,,0.0,,,
647,648,6.0,1.9459101490553132,2.0,829.5,0.6931471805599453,985.0,0.6931471805599453,682.0,,
648,649,14.0,1.6094379124341003,3.0,460.6666666666667,1.0986122886681098,500.5,0.0,,,
649,650,5.0,2.3978952727983707,3.0,500.3333333333333,0.6931471805599453,968.0,0.0,,,
650,651,16.0,0.0,3.0,428.6666666666667,0.0,,0.0,,,
651,652,8.0,2.9444389791664403,1.0,944.0,0.6931471805599453,369.0,0.0,,,
652,653,4.0,2.0794415416798357,4.0,434.75,0.6931471805599453,799.0,0.0,,,
653,654,10.0,2.1972245773362196,3.0,723.3333333333334,0.0,,0.0,,,
654,655,15.0,2.1972245773362196,5.0,696.8,0.6931471805599453,575.0,0.0,,,
655,656,2.0,3.1780538303479458,6.0,341.3333333333333,0.6931471805599453,331.0,0.6931471805599453,477.0,,
656,657,13.0,2.3978952727983707,4.0,746.25,0.6931471805599453,653.0,0.6931471805599453,653.0,,
657,658,17.0,1.9459101490553132,4.0,325.0,0.0,,0.0,,,
658,659,6.0,2.1972245773362196,4.0,324.75,0.6931471805599453,870.0,0.0,,,
659,660,5.0,1.9459101490553132,5.0,474.4,1.0986122886681098,664.0,0.0,,,
660,661,10.0,2.1972245773362196,3.0,653.6666666666666,0.6931471805599453,767.0,0.0,,,
661,662,6.0,2.1972245773362196,5.0,393.8,1.0986122886681098,482.0,0.6931471805599453,143.0,,
662,663,12.0,2.0794415416798357,5.0,404.2,1.0986122886681098,287.0,0.6931471805599453,81.0,,
663,664,9.0,1.791759469228055,4.0,578.5,0.6931471805599453,722.0,0.0,,,
664,665,11.0,1.6094379124341003,8.0,366.75,0.6931471805599453,244.0,1.0986122886681098,336.0,,
665,666,19.0,0.0,1.0,463.0,0.6931471805599453,177.0,0.6931471805599453,177.0,,
666,667,4.0,2.4849066497880004,0.0,,0.0,,0.0,,,
667,668,4.0,2.1972245773362196,5.0,617.6,1.0986122886681098,682.0,0.6931471805599453,850.0,,
668,669,11.0,1.3862943611198906,5.0,512.8,1.3862943611198906,548.0,0.6931471805599453,733.0,,
669,670,18.0,0.6931471805599453,4.0,637.0,0.0,,0.6931471805599453,796.0,,
670,671,13.0,0.6931471805599453,5.0,658.0,1.3862943611198906,967.3333333333334,0.6931471805599453,888.0,,
671,672,15.0,0.0,4.0,617.75,1.6094379124341003,484.0,0.6931471805599453,779.0,,
672,673,19.0,0.0,5.0,831.4,0.6931471805599453,949.0,1.3862943611198906,868.3333333333334,,
